"Number_of_Vehicles","Accident_Date","Time_24hr_","First_Road_Class","Road_Surface","Lighting_Conditions","Weather_Conditions","Type_of_Vehicle","Casualty_Class","Casualty_Severity","Sex_of_Casualty","Age_of_Casualty"
2,2017-01-01,"21:20","U","Wet",4,2,9,2,2,2,16
2,2017-01-04,"15:00","U","Dry",1,1,9,3,2,2,67
2,2017-01-05,"07:32","A","Wet",4,1,9,1,3,1,56
2,2017-01-05,"09:30","A","Wet",1,1,4,1,1,1,20
2,2017-01-14,"09:09","U","Ice",1,1,9,1,3,1,46
1,2017-01-15,"16:59","U","Wet",4,1,9,3,3,1,NA
1,2017-01-16,"10:59","A","Wet",1,1,9,3,3,2,25
3,2017-01-19,"18:49","B","Dry",4,1,9,1,3,2,50
1,2017-01-20,"14:08","U","Dry",1,1,9,3,3,2,64
1,2017-01-22,"13:25","A","Wet",1,1,9,1,3,2,22
2,2017-01-24,"11:26","A","Wet",1,2,9,2,3,2,21
2,2017-01-24,"18:30","A","Dry",4,1,9,1,3,1,29
2,2017-01-25,"12:58","U","Dry",1,1,9,1,3,1,24
3,2017-01-26,"11:33","A","Wet",1,1,19,1,3,1,29
1,2017-01-26,"15:46","A","Dry",1,1,9,3,3,1,5
1,2017-01-27,"13:35","U","Ice",1,1,19,3,3,2,14
2,2017-01-27,"14:05","U","Dry",1,1,9,1,3,2,33
2,2017-01-27,"22:33","U","Wet",4,2,9,1,3,1,28
2,2017-01-27,"18:35","U","Wet",4,1,9,1,3,1,NA
1,2017-01-29,"14:30","U","Wet",1,5,9,3,3,2,27
2,2017-01-29,"22:30","U","Wet",4,7,9,1,3,2,60
1,2017-01-30,"14:44","U","Dry",1,1,8,3,3,1,50
2,2017-01-31,"14:35","A","Wet",1,2,9,1,3,2,40
2,2017-01-31,"18:40","U","Wet",5,2,9,1,2,2,115
2,2017-02-01,"14:00","A","Wet",1,1,9,1,3,2,48
2,2017-02-02,"10:45","U","Wet",1,1,9,1,3,2,76
2,2017-02-02,"22:00","A","Dry",4,1,9,1,3,1,22
1,2017-02-03,"18:06","A","Dry",4,1,9,3,3,2,14
3,2017-02-04,"06:12","A","Wet",4,1,9,1,2,1,26
2,2017-02-04,"13:10","A","Dry",1,1,19,1,3,2,65
1,2017-02-04,"17:30","A","Dry",4,1,9,3,3,1,NA
2,2017-02-05,"12:27","A","Dry",1,1,9,1,3,1,51
1,2017-02-07,"09:21","U","Dry",1,1,9,1,3,1,67
2,2017-02-07,"14:23","B","Dry",1,1,9,1,3,1,28
2,2017-02-07,"15:46","A","Dry",1,1,9,1,3,1,34
1,2017-02-06,"19:00","U","Wet",4,1,9,3,3,2,14
1,2017-02-08,"08:33","U","Dry",1,1,9,3,3,2,13
1,2017-02-08,"14:30","A","Wet",1,1,9,3,2,2,76
1,2017-02-08,"17:30","U","Dry",7,1,3,3,3,2,45
2,2017-02-08,"18:30","U","Dry",4,1,9,1,3,2,30
4,2017-02-11,"06:05","B","Snow",4,3,9,1,3,1,35
3,2017-02-12,"13:38","M","Wet",1,6,9,1,3,1,57
3,2017-02-12,"14:50","A","Wet",1,3,9,1,3,1,26
2,2017-02-13,"22:43","A","Dry",4,1,9,1,3,1,24
2,2017-02-15,"12:25","A","Dry",1,1,9,1,2,1,68
2,2017-02-15,"14:30","A","Dry",1,1,9,1,3,2,53
1,2017-02-15,"18:54","U","Wet",4,1,9,3,3,2,11
2,2017-02-18,"14:40","U","Dry",1,1,9,1,3,1,25
1,2017-02-18,"23:30","U","Wet",6,1,8,3,2,2,39
1,2017-02-19,"00:05","A","Wet",4,2,9,1,3,1,19
3,2017-02-20,"12:12","A","Wet",1,2,9,1,3,2,74
2,2017-02-21,"07:00","B","Dry",7,1,9,2,3,1,21
1,2017-02-22,"19:39","A","Wet",6,2,3,1,2,1,30
1,2017-02-24,"12:00","U","Dry",1,4,9,3,3,2,59
1,2017-02-24,"22:27","B","Dry",4,1,9,2,3,2,17
4,2017-02-28,"08:47","M","Wet",1,1,9,1,2,1,35
2,2017-03-04,"15:00","U","Dry",1,1,9,1,3,1,46
2,2017-03-07,"08:23","A","Dry",1,1,9,1,3,1,18
2,2017-08-10,"09:40","U","Wet",1,1,9,2,3,2,48
3,2017-03-16,"07:43","A","Dry",1,1,9,2,3,1,8
2,2017-03-16,"14:15","A","Dry",1,1,9,1,3,1,53
1,2017-03-17,"15:03","U","Wet",1,2,9,3,3,2,50
1,2017-03-17,"16:05","A","Dry",1,1,21,3,3,2,45
2,2017-03-17,"13:15","M","Dry",1,4,9,1,3,2,43
2,2017-03-19,"15:08","U","Dry",1,1,9,1,3,1,22
2,2017-03-20,"07:00","M","Wet",7,5,9,1,3,2,21
2,2017-03-20,"15:50","A","Dry",1,1,9,1,3,1,57
1,2017-03-21,"12:31","A","Dry",1,1,9,3,3,2,83
1,2017-03-21,"15:52","A","Wet",1,1,9,2,3,1,19
1,2017-03-22,"08:00","U","Wet",1,2,9,3,3,2,13
2,2017-03-23,"09:00","A","Dry",1,1,9,1,3,1,46
2,2017-03-25,"18:55","A","Dry",4,1,9,2,3,1,3
2,2017-03-26,"13:53","U","Dry",1,1,2,1,2,1,NA
2,2017-03-29,"08:05","M","Dry",1,1,9,1,3,1,25
2,2017-03-30,"04:44","A","Wet",4,1,19,1,3,1,29
1,2017-04-01,"18:20","U","Dry",7,1,9,3,3,1,2
3,2017-04-03,"13:15","A","Dry",1,1,9,1,2,2,48
1,2017-04-04,"08:40","U","Dry",1,1,9,3,3,1,9
2,2017-04-05,"19:13","A","Dry",7,1,9,1,3,1,34
1,2017-04-07,"00:22","M","Dry",4,1,10,1,3,1,52
1,2017-04-07,"13:17","U","Dry",1,1,9,2,3,2,9
2,2017-04-07,"00:00","B","Dry",4,1,9,1,3,1,68
1,2017-04-08,"00:26","U","Dry",4,1,9,1,2,1,26
1,2017-04-08,"13:20","A","Dry",1,1,5,1,3,2,35
2,2017-04-09,"21:42","U","Dry",4,1,9,1,3,1,18
2,2017-03-31,"11:30","A","Dry",1,1,9,2,3,2,63
2,2017-04-11,"13:56","U","Dry",1,1,9,1,3,1,45
1,2017-04-11,"16:10","U","Dry",1,1,11,3,3,1,23
3,2017-04-11,"15:35","M","Dry",1,1,19,1,3,1,29
1,2017-04-13,"16:14","U","Dry",1,1,9,3,3,1,47
2,2017-04-13,"21:25","U","Dry",4,1,9,1,3,1,42
1,2017-04-21,"13:25","U","Dry",1,1,9,3,3,2,46
1,2017-04-23,"12:32","M","Dry",1,1,9,1,2,2,58
2,2017-04-23,"18:35","U","Dry",7,1,9,1,3,1,5
2,2017-04-25,"17:00","U","Wet",7,1,9,1,3,1,29
3,2017-04-25,"17:55","M","Dry",7,1,19,1,3,2,29
2,2017-04-25,"17:05","U","Wet",7,2,8,2,3,2,17
2,2017-04-26,"06:05","U","Dry",7,1,1,1,3,1,25
2,2017-04-27,"07:34","A(M)","Wet",1,1,9,1,3,1,33
2,2017-04-27,"17:20","U","Dry",7,1,9,1,3,1,23
1,2017-04-28,"09:43","M","Dry",1,1,9,1,3,1,59
2,2017-04-28,"16:00","A","Dry",1,1,9,1,3,1,39
2,2017-04-28,"14:46","U","Dry",1,1,9,1,3,2,20
1,2017-05-01,"14:54","U","Dry",1,1,9,3,2,2,NA
2,2017-05-06,"19:49","U","Dry",7,1,1,1,3,1,14
2,2017-05-09,"15:40","U","Dry",1,1,3,1,3,1,18
2,2017-05-09,"17:40","A","Dry",7,1,1,1,2,1,21
3,2017-05-12,"09:00","A","Dry",1,1,8,1,3,2,25
1,2017-05-12,"15:15","A","Wet",1,1,9,3,3,2,33
2,2017-05-13,"17:01","U","Dry",7,1,9,1,2,1,17
2,2017-05-20,"09:32","A","Dry",1,1,9,1,3,1,78
1,2017-05-22,"19:30","U","Dry",7,1,9,3,2,1,2
2,2017-05-24,"07:35","A","Dry",1,1,9,1,3,1,44
1,2017-05-23,"12:30","U","Dry",1,1,9,3,3,2,29
2,2017-05-24,"19:33","U","Dry",7,1,9,1,3,1,22
2,2017-05-25,"06:40","A","Dry",7,1,9,1,2,1,40
2,2017-05-15,"15:15","U","Dry",1,1,9,1,3,1,23
1,2017-05-22,"12:30","U","Dry",1,1,9,3,3,1,75
1,2017-05-28,"07:00","U","Dry",7,1,9,2,3,1,36
2,2017-05-30,"18:09","B","Dry",7,1,9,1,3,1,58
2,2017-05-31,"19:33","U","Dry",7,1,9,1,3,1,39
1,2017-06-01,"02:13","U","Dry",4,1,9,3,2,1,36
1,2017-06-01,"03:25","U","Dry",6,1,9,1,3,1,28
2,2017-06-03,"13:45","U","Dry",1,1,9,3,2,2,6
1,2017-06-03,"18:05","U","Dry",7,1,8,2,3,2,44
2,2017-06-05,"09:00","U","Wet",1,2,21,1,3,1,18
1,2017-06-06,"14:30","M","Wet",1,5,9,1,3,2,23
2,2017-06-06,"14:53","U","Dry",1,5,9,1,3,2,18
2,2017-05-25,"12:10","A","Dry",1,1,9,1,3,1,75
1,2017-06-13,"13:55","U","Dry",1,1,9,3,3,1,65
2,2017-06-13,"16:28","U","Dry",1,1,9,1,3,2,63
4,2017-06-15,"13:41","M","Dry",1,1,9,2,3,1,71
2,2017-06-16,"16:30","U","Dry",1,1,9,1,3,1,84
3,2017-06-16,"22:30","B","Dry",4,1,9,1,3,1,38
2,2017-06-19,"16:30","U","Dry",1,1,9,1,3,1,71
2,2017-06-20,"07:13","A","Dry",7,1,9,2,3,2,30
2,2017-06-20,"07:52","A","Dry",1,1,4,1,3,1,NA
2,2017-06-20,"16:00","M","Dry",1,1,9,1,3,2,38
2,2017-06-20,"18:26","M","Dry",7,1,19,1,3,1,20
1,2017-06-21,"17:50","U","Dry",7,1,9,1,3,1,19
1,2017-06-22,"16:56","A","Dry",1,1,9,3,1,1,57
3,2017-06-23,"20:23","A","Wet",7,1,9,1,3,1,26
2,2017-06-23,"21:25","A","Dry",7,1,9,2,3,2,38
1,2017-06-24,"10:32","B","Dry",1,1,9,3,2,1,64
2,2017-06-24,"11:57","A","Dry",1,1,9,1,3,2,58
1,2017-06-24,"12:00","A","Dry",1,1,9,3,2,1,93
1,2017-06-24,"19:00","U","Dry",7,1,9,3,3,1,13
1,2017-06-24,"20:56","U","Dry",7,1,9,3,3,2,14
2,2017-06-26,"14:32","U","Dry",1,1,9,1,3,2,30
3,2017-06-28,"07:21","M","Wet",7,2,9,1,3,1,25
2,2017-06-29,"18:00","U","Dry",7,1,9,1,3,1,7
3,2017-06-29,"12:15","A","Wet",1,2,9,1,3,1,6
2,2017-06-29,"16:40","A","Dry",1,1,1,1,3,1,49
2,2017-07-01,"13:30","A","Dry",1,1,9,1,2,1,23
2,2017-07-01,"16:36","A","Dry",1,1,9,1,2,1,48
2,2017-07-02,"17:32","A","Dry",7,1,1,1,3,1,39
1,2017-07-02,"15:20","U","Dry",1,1,9,3,3,1,10
2,2017-07-02,"22:36","A","Dry",4,1,9,1,3,2,30
2,2017-07-03,"22:00","U","Dry",7,1,19,1,3,1,43
1,2017-07-07,"13:41","U","Dry",1,1,8,3,3,1,41
2,2017-07-07,"23:00","U","Dry",4,1,9,1,3,1,20
2,2017-07-08,"11:51","U","Dry",1,1,9,2,3,2,44
3,2017-07-08,"12:07","B","Dry",1,1,9,1,3,1,54
2,2017-07-08,"19:15","U","Dry",7,8,9,1,3,2,40
1,2017-07-08,"19:50","U","Dry",7,1,9,3,3,2,3
2,2017-07-08,"21:40","U","Dry",7,1,3,1,3,1,18
2,2017-07-09,"16:10","U","Dry",1,1,1,1,3,1,14
1,2017-07-09,"16:42","U","Dry",1,1,19,3,3,2,5
2,2017-07-10,"19:26","U","Dry",7,1,9,2,3,2,18
1,2017-07-10,"19:31","U","Dry",7,1,9,3,3,1,4
2,2017-07-13,"09:07","U","Dry",1,1,9,1,3,2,35
1,2017-07-15,"15:10","U","Dry",1,1,9,3,3,1,14
2,2017-07-15,"22:41","A","Dry",4,1,9,1,3,1,21
2,2017-07-16,"13:57","U","Dry",1,1,9,1,3,1,31
2,2017-07-17,"08:49","U","Dry",1,1,9,1,3,1,9
2,2017-07-19,"07:50","A","Dry",1,1,9,1,3,1,35
2,2017-07-19,"11:14","A","Dry",1,1,9,1,2,1,63
2,2017-07-20,"08:43","U","Dry",1,1,9,1,3,2,38
2,2017-07-20,"08:59","B","Dry",1,1,9,1,3,2,29
2,2017-07-21,"17:58","M","Dry",7,1,9,1,3,2,26
1,2017-07-24,"23:28","U","Dry",4,1,9,1,3,2,NA
1,2017-07-29,"00:40","U","Wet",4,1,8,1,3,1,49
2,2017-07-30,"08:22","U","Wet",1,2,9,1,3,2,51
2,2017-07-30,"19:33","U","Dry",7,1,19,1,3,1,7
2,2017-08-01,"10:20","U","Dry",1,1,19,1,3,1,47
1,2017-08-05,"15:50","A","Dry",1,1,5,1,2,2,44
2,2017-08-06,"15:30","A","Dry",1,1,9,2,3,1,72
1,2017-08-06,"16:10","A","Wet",1,2,9,1,3,2,31
1,2017-08-06,"15:30","A","Dry",1,1,9,3,3,2,49
2,2017-08-06,"22:06","U","Wet",4,2,9,1,3,1,37
2,2017-08-08,"18:14","U","Wet",7,1,9,1,3,1,51
2,2017-08-09,"07:35","U","Dry",1,1,1,1,3,1,37
1,2017-08-09,"11:10","A","Dry",1,1,8,3,3,2,80
2,2017-08-04,"14:30","U","Dry",1,1,8,1,3,1,50
2,2017-08-09,"16:55","A","Dry",1,1,11,1,2,1,49
3,2017-08-11,"08:05","A","Dry",1,1,9,1,3,2,47
2,2017-08-03,"20:43","U","Dry",4,1,9,1,2,1,62
2,2017-08-13,"20:50","A","Dry",4,1,8,1,3,1,34
2,2017-08-13,"21:46","A","Dry",7,1,3,1,3,1,17
2,2017-08-17,"12:15","A","Dry",1,1,9,1,3,1,34
2,2017-08-18,"21:00","U","Dry",6,4,9,1,3,1,49
1,2017-08-23,"15:18","U","Dry",1,1,9,3,3,2,8
1,2017-08-27,"06:09","A","Dry",7,1,9,1,2,1,60
1,2017-08-27,"09:22","U","Dry",1,1,9,3,3,1,39
2,2017-10-07,"14:33","A","Dry",1,1,9,1,3,1,55
1,2017-08-27,"15:05","A","Dry",1,1,9,3,2,1,24
1,2017-08-27,"16:57","A","Dry",1,1,9,3,2,1,27
2,2017-08-28,"09:29","A","Dry",1,1,9,1,3,2,46
5,2017-08-30,"17:06","A","Dry",7,1,9,1,3,1,46
2,2017-08-30,"17:21","A","Dry",7,1,5,1,2,1,52
2,2017-08-01,"16:15","U","Dry",1,1,3,1,3,1,20
4,2017-09-01,"10:58","M","Dry",1,1,9,1,3,2,52
2,2017-09-01,"14:55","A","Dry",1,1,5,1,3,1,62
1,2017-09-01,"21:28","U","Dry",4,1,9,2,3,1,10
1,2017-09-01,"21:36","A","Dry",7,1,4,1,3,1,20
2,2017-09-02,"19:57","U","Dry",4,1,9,1,3,2,24
3,2017-09-04,"12:40","U","Dry",1,1,11,1,3,2,44
2,2017-09-04,"14:55","M","Dry",1,1,9,1,3,2,46
1,2017-09-04,"16:30","A","Wet",1,1,3,1,2,2,56
2,2017-09-05,"06:45","U","Wet",7,2,9,1,3,1,41
3,2017-09-06,"22:09","U","Wet",7,1,9,1,3,1,45
3,2017-09-07,"07:27","U","Dry",7,1,9,1,3,2,61
1,2017-09-08,"07:34","M","Wet",1,2,9,1,3,2,23
2,2017-09-08,"07:43","U","Wet",1,2,9,1,3,1,30
2,2017-09-13,"08:28","U","Dry",1,1,9,1,3,2,53
1,2017-09-08,"17:55","U","Dry",7,1,9,3,3,2,9
2,2017-09-08,"21:30","M","Wet",4,2,9,1,3,1,54
1,2017-09-09,"15:22","U","Dry",1,1,9,3,3,1,58
2,2017-09-09,"17:43","A","Wet",7,2,9,1,3,2,61
3,2017-09-10,"16:08","U","Wet",1,2,1,1,3,1,22
3,2017-09-11,"05:38","M","Wet",4,2,9,1,3,1,31
4,2017-09-11,"13:30","M","Wet",1,2,9,2,3,2,64
2,2017-09-11,"18:38","A","Dry",7,1,9,1,2,1,31
2,2017-09-13,"19:35","A","Wet",4,1,9,1,3,1,21
3,2017-09-15,"12:14","M","Dry",1,1,9,2,3,2,82
2,2017-09-16,"12:05","U","Dry",1,1,1,1,3,1,9
2,2017-09-16,"15:55","U","Dry",1,1,4,1,3,1,36
2,2017-09-17,"10:25","U","Wet",1,1,9,1,2,1,24
2,2017-09-20,"16:27","B","Dry",1,1,9,1,2,1,16
2,2017-09-21,"16:25","U","Dry",1,1,9,1,3,1,12
1,2017-09-22,"16:17","A","Wet",1,2,3,1,3,1,25
1,2017-09-22,"07:25","U","Dry",7,1,9,3,3,2,13
2,2017-09-27,"19:43","U","Wet",4,2,9,1,2,1,23
3,2017-09-28,"12:05","A","Dry",1,1,9,2,3,1,86
2,2017-09-28,"21:29","U","Dry",4,1,9,1,3,1,36
1,2017-09-26,"07:50","A","Dry",1,1,11,3,3,1,63
2,2017-09-16,"13:00","B","Dry",1,1,1,1,3,1,60
1,2017-09-29,"18:43","U","Dry",7,1,3,1,2,1,17
1,2017-10-01,"17:15","U","Wet",7,1,9,3,2,1,8
1,2017-10-03,"08:50","A","Wet",1,1,9,3,3,1,NA
2,2017-10-03,"12:50","A","Dry",1,1,9,1,2,1,22
1,2017-10-04,"07:53","A","Wet",1,5,9,3,3,1,16
1,2017-10-05,"16:00","A","Dry",1,1,5,1,3,1,47
2,2017-10-05,"17:00","U","Wet",7,1,9,1,3,1,17
2,2017-10-06,"06:20","A","Dry",7,1,9,1,3,1,49
2,2017-10-08,"12:20","A","Dry",1,1,9,1,3,1,38
1,2017-10-06,"14:18","A","Dry",1,1,9,1,3,2,90
4,2017-10-07,"21:22","A","Wet",4,1,9,1,3,1,31
2,2017-10-09,"16:40","U","Dry",1,1,5,1,1,1,42
3,2017-10-09,"17:30","M","Dry",7,1,21,1,3,2,32
2,2017-10-10,"07:02","U","Dry",7,1,1,1,2,1,41
2,2017-10-10,"17:45","A","Dry",7,1,9,1,3,2,25
2,2017-10-11,"01:43","A(M)","Wet",4,1,9,1,3,2,64
1,2017-10-11,"11:30","U","Dry",1,1,19,3,3,1,56
1,2017-10-12,"06:11","A","Dry",7,1,9,1,3,1,32
2,2017-10-14,"00:12","U","Dry",4,1,9,1,3,1,27
2,2017-10-15,"19:35","A","Dry",4,1,9,1,3,2,62
2,2017-10-16,"10:11","M","Dry",1,1,9,1,3,2,43
1,2017-10-17,"16:07","U","Dry",1,1,9,3,3,1,87
1,2017-10-18,"10:07","U","Dry",1,1,9,3,3,1,NA
1,2017-10-19,"08:40","A","Dry",1,1,9,1,3,2,33
2,2017-10-14,"11:30","U","Dry",1,1,9,2,3,1,29
2,2017-10-21,"00:55","A","Dry",4,1,8,2,3,1,27
4,2017-10-22,"15:31","U","Dry",1,1,9,2,3,2,56
2,2017-10-25,"14:50","A","Dry",1,1,9,1,3,2,24
1,2017-10-27,"16:30","A","Dry",1,1,19,3,2,2,15
2,2017-10-28,"13:13","A","Dry",1,1,9,2,3,2,30
2,2017-10-29,"12:20","U","Dry",1,1,9,1,3,2,41
2,2017-10-31,"12:02","U","Dry",1,1,9,1,3,1,33
1,2017-10-31,"17:20","U","Dry",4,1,9,3,3,1,25
2,2017-10-31,"18:51","U","Dry",4,1,9,1,3,1,34
3,2017-11-01,"07:44","B","Dry",1,1,9,1,3,1,28
1,2017-11-04,"23:31","U","Dry",4,1,9,3,3,1,42
3,2017-11-05,"10:20","A","Dry",1,1,19,2,3,1,5
2,2017-11-05,"22:59","U","Wet",4,1,9,1,3,2,23
1,2017-11-06,"15:00","U","Dry",1,1,9,3,3,2,30
2,2017-11-06,"17:09","U","Dry",4,1,9,1,2,1,19
2,2017-11-06,"17:13","M","Dry",4,1,21,1,3,1,64
1,2017-11-07,"11:50","U","Dry",1,1,9,3,3,1,27
1,2017-11-07,"16:15","A","Dry",1,1,19,3,3,1,17
2,2017-11-08,"16:51","U","Wet",6,1,9,1,3,1,40
4,2017-11-08,"17:43","U","Dry",7,1,9,1,3,2,25
1,2017-11-08,"21:00","U","Wet",4,1,9,2,3,1,25
1,2017-11-09,"17:30","U","Wet",4,1,1,1,3,1,27
1,2017-11-11,"18:58","M","Dry",4,1,9,1,2,2,26
2,2017-11-13,"16:44","U","Dry",4,1,9,1,3,2,56
2,2017-11-14,"14:20","A","Dry",1,1,9,1,3,2,61
2,2017-11-19,"10:30","U","Dry",1,1,9,1,3,2,62
2,2017-11-19,"15:15","A","Dry",1,1,19,2,2,1,47
2,2017-11-20,"19:30","U","Wet",4,1,9,1,3,2,NA
2,2017-11-23,"16:10","M","Wet",4,2,9,1,3,1,51
2,2017-11-24,"14:07","A","Wet",1,1,9,1,3,1,37
2,2017-11-25,"13:30","U","Wet",1,1,9,1,3,1,66
1,2017-11-27,"13:08","U","Wet",1,1,9,3,3,1,14
2,2017-11-28,"08:50","U","Dry",1,1,3,1,3,1,27
2,2017-11-28,"14:26","A","Dry",1,1,9,1,3,2,35
1,2017-11-28,"15:35","U","Wet",1,1,9,3,3,1,6
1,2017-11-29,"18:35","U","Wet",4,1,97,3,3,1,75
1,2017-11-30,"16:35","U","Wet",4,1,9,3,3,1,10
2,2017-12-01,"10:55","A","Wet",1,1,9,1,3,1,73
2,2017-12-01,"17:00","U","Dry",4,1,9,1,3,1,44
2,2017-12-04,"08:50","A","Wet",1,1,9,2,2,1,12
2,2017-12-01,"17:45","M","Dry",4,1,9,1,3,1,60
2,2017-12-05,"11:20","A","Dry",1,1,19,1,3,1,18
3,2017-12-06,"13:57","U","Dry",1,1,9,1,2,1,88
2,2017-12-07,"08:29","U","Dry",1,1,9,1,3,1,35
2,2017-12-08,"08:15","U","Snow",1,1,9,1,3,2,67
2,2017-12-09,"15:21","U","Wet",1,1,9,2,3,2,50
1,2017-12-12,"08:20","U","Wet",1,1,8,3,3,1,15
2,2017-12-12,"12:00","A","Wet",1,1,9,1,3,2,83
1,2017-12-14,"05:21","U","Ice",4,8,9,1,3,2,46
2,2017-12-13,"13:25","A","Wet",1,1,8,1,3,1,36
1,2017-12-14,"16:17","U","Dry",1,1,9,3,3,1,14
2,2017-12-15,"14:46","M","Dry",1,1,9,1,3,2,58
2,2017-12-16,"13:02","M","Ice",1,1,9,2,2,1,23
1,2017-12-18,"14:10","A","Dry",1,1,9,1,3,1,67
1,2017-12-19,"15:30","U","Dry",1,1,9,3,3,2,15
1,2017-12-21,"18:15","A","Wet",4,2,11,3,1,1,49
2,2017-12-22,"08:18","U","Wet",1,1,1,1,3,1,38
2,2017-12-24,"19:30","A","Wet",4,1,9,1,2,1,72
2,2017-12-26,"12:17","A","Dry",1,1,9,2,3,2,74
2,2017-12-27,"18:59","U","Wet",4,1,9,1,3,2,88
3,2017-12-27,"20:53","U","Wet",4,1,9,1,2,2,31
1,2017-12-28,"11:32","U","Dry",1,1,9,3,3,1,9
3,2017-12-28,"20:20","A","Ice",4,1,9,1,2,1,24
2,2017-12-31,"13:31","U","Dry",1,1,9,1,3,1,28
1,2016-01-01,"00:52","A","Wet/Damp",4,1,8,3,3,1,27
1,2016-01-01,"12:04","U","Wet/Damp",1,1,9,1,3,2,87
2,2016-01-01,"14:00","U","Dry",1,1,9,1,3,1,23
1,2016-01-02,"16:30","A","Wet/Damp",4,2,9,3,3,2,65
2,2016-01-03,"17:00","A","Wet/Damp",4,2,1,1,3,1,24
2,2016-01-06,"07:34","U","Wet/Damp",4,1,3,1,3,1,26
2,2016-01-06,"09:50","A","Wet/Damp",1,1,9,1,3,2,82
2,2016-01-06,"09:50","A","Wet/Damp",1,1,21,1,3,1,32
2,2016-01-07,"08:46","A","Wet/Damp",1,2,9,1,3,2,25
1,2016-01-07,"16:00","A","Dry",1,1,9,3,3,1,34
1,2016-01-08,"12:00","A","Dry",1,1,19,3,3,2,36
1,2016-01-13,"18:56","U","Wet/Damp",1,1,2,1,2,1,27
2,2016-01-14,"08:31","M","Wet/Damp",1,1,9,1,3,1,63
2,2016-01-14,"13:20","A","Dry",1,1,1,1,1,1,55
1,2016-01-15,"12:02","A","Dry",1,1,21,3,2,2,87
2,2016-01-15,"15:36","U","Wet/Damp",1,1,9,1,3,1,29
1,2016-01-16,"13:10","U","Dry",1,1,9,3,3,1,60
1,2016-01-16,"20:54","U","Snow",4,3,8,2,3,2,29
1,2016-01-16,"21:01","M","Snow",4,3,9,1,3,2,18
1,2016-01-17,"20:40","U","Wet/Damp",6,1,90,1,2,1,33
2,2016-01-18,"16:35","U","Dry",4,9,9,1,3,1,23
1,2016-01-20,"09:11","U","Wet/Damp",1,1,9,3,3,2,33
1,2016-01-22,"09:00","U","Wet/Damp",1,1,8,2,3,1,16
1,2016-01-22,"09:00","U","Wet/Damp",1,1,8,2,3,2,11
1,2016-01-22,"09:00","U","Wet/Damp",1,1,8,2,3,1,12
2,2016-01-22,"09:15","M","Dry",1,1,9,1,3,1,47
2,2016-01-25,"14:10","A","Dry",1,1,9,2,3,2,30
1,2016-01-26,"15:33","U","Wet/Damp",1,1,9,3,3,1,25
1,2016-01-26,"17:08","U","Wet/Damp",4,5,9,3,3,1,49
2,2016-01-27,"17:28","U","Wet/Damp",4,5,3,1,3,1,27
2,2016-01-28,"20:50","U","Dry",4,9,9,1,3,2,20
1,2016-01-30,"15:15","U","Dry",1,9,9,3,3,2,66
1,2016-01-30,"23:31","M","Snow",4,6,9,2,3,2,31
2,2016-01-31,"14:55","A","Wet/Damp",1,1,9,3,3,2,16
2,2016-02-02,"08:30","U","Dry",1,1,9,1,3,1,55
1,2016-02-04,"16:36","A","Dry",1,9,9,3,3,2,5
1,2016-02-06,"13:25","A","Wet/Damp",1,5,9,1,3,2,55
2,2016-01-27,"16:24","M","Dry",4,9,9,1,3,2,55
2,2016-02-08,"14:30","A","Wet/Damp",1,2,1,1,3,1,55
1,2016-02-09,"16:18","U","Wet/Damp",1,1,3,1,3,1,19
3,2016-02-09,"19:34","A","Wet/Damp",4,1,9,1,2,1,54
1,2016-02-10,"14:02","A","Dry",1,9,9,3,3,1,50
1,2016-02-11,"06:45","A","Frost/Ice",4,1,9,1,3,1,21
2,2016-02-11,"19:10","U","Dry",4,1,9,2,3,1,26
1,2016-02-15,"11:50","A","Dry",1,1,9,3,3,2,13
2,2016-02-16,"09:00","A","Dry",1,1,19,1,3,1,74
1,2016-02-16,"21:10","A","Wet/Damp",5,2,9,1,3,1,18
5,2016-02-18,"10:28","U","Dry",1,1,9,2,3,2,26
5,2016-02-18,"10:28","U","Dry",1,1,9,1,3,1,37
5,2016-02-18,"10:28","U","Dry",1,1,9,2,3,2,36
5,2016-02-18,"10:28","U","Dry",1,1,9,1,3,2,34
2,2016-02-19,"16:25","B","Wet/Damp",1,2,1,1,3,1,24
2,2016-02-19,"21:00","A","Wet/Damp",4,2,9,1,3,2,33
2,2016-02-20,"15:30","B","Dry",1,1,9,1,2,2,46
2,2016-02-20,"15:30","B","Wet/Damp",1,2,9,1,3,2,32
2,2016-02-20,"20:04","A","Wet/Damp",4,1,8,1,3,1,36
2,2016-02-20,"20:04","A","Wet/Damp",4,1,9,1,2,2,19
2,2016-02-20,"15:50","A","Wet/Damp",1,5,9,1,3,2,30
3,2016-02-22,"07:00","M","Wet/Damp",1,1,9,1,3,1,41
3,2016-02-22,"07:00","M","Wet/Damp",1,1,9,2,3,1,60
3,2016-02-22,"07:50","U","Dry",1,1,9,2,3,2,7
3,2016-02-22,"07:50","U","Dry",1,1,9,2,3,2,9
2,2016-02-22,"11:29","M","Wet/Damp",1,1,9,1,3,1,44
1,2016-02-22,"17:10","U","Dry",1,1,5,1,2,1,41
1,2016-02-22,"13:20","U","Dry",1,1,9,3,3,2,29
2,2016-02-24,"18:05","U","Dry",4,1,1,1,3,2,45
2,2016-02-24,"11:57","A","Dry",1,1,9,1,3,2,35
1,2016-02-24,"13:37","A","Dry",1,1,9,3,3,1,29
1,2016-02-25,"15:50","A","Dry",1,1,9,3,3,1,3
2,2016-02-25,"17:20","U","Dry",1,1,9,1,3,2,41
2,2016-02-26,"13:40","U","Dry",1,1,9,1,3,1,NA
2,2016-02-27,"19:50","A","Dry",4,1,9,1,3,1,19
2,2016-02-27,"19:50","A","Dry",4,1,9,2,3,1,70
2,2016-02-27,"19:50","A","Dry",4,1,9,2,3,2,18
2,2016-02-27,"19:50","A","Dry",4,1,9,1,3,2,55
1,2016-02-29,"07:15","A","Dry",1,1,9,1,3,2,19
1,2016-02-29,"07:15","A","Dry",1,1,9,2,2,2,23
1,2016-02-28,"13:45","A","Dry",1,1,5,1,3,1,51
3,2016-03-01,"15:40","U","Wet/Damp",1,2,9,2,2,1,4
3,2016-03-01,"15:40","U","Wet/Damp",1,2,9,1,3,1,23
3,2016-03-01,"15:40","U","Wet/Damp",1,2,9,1,3,1,53
3,2016-03-01,"15:40","U","Wet/Damp",1,2,9,2,3,1,11
3,2016-03-01,"15:40","U","Wet/Damp",1,2,9,2,3,2,52
3,2016-03-01,"15:40","U","Wet/Damp",1,2,9,2,3,1,12
3,2016-03-01,"15:40","U","Wet/Damp",1,2,9,1,3,2,35
3,2016-03-01,"15:40","U","Wet/Damp",1,2,9,2,3,2,6
1,2016-03-02,"05:42","A","Snow",4,6,9,1,3,1,47
1,2016-03-02,"09:05","U","Snow",1,3,9,1,3,2,48
2,2016-03-02,"12:50","U","Dry",1,9,9,1,3,1,23
3,2016-03-02,"16:20","A","Dry",1,1,9,1,3,2,51
3,2016-03-02,"17:27","M","Wet/Damp",1,1,19,1,3,1,39
3,2016-03-02,"17:27","M","Wet/Damp",1,1,9,1,3,1,35
2,2016-03-02,"17:25","U","Dry",1,9,9,1,3,2,19
2,2016-03-02,"17:25","U","Dry",1,9,9,2,3,2,21
1,2016-03-04,"09:58","U","Snow",1,3,9,1,3,1,57
2,2016-03-04,"08:00","A","Snow",1,3,1,1,3,2,36
2,2016-03-04,"15:00","U","Snow",1,3,9,1,3,2,40
1,2016-03-05,"10:30","U","Dry",1,1,9,3,3,2,12
2,2016-03-06,"19:23","U","Dry",4,1,9,1,3,1,25
1,2016-03-07,"09:04","U","Dry",1,1,9,3,3,2,67
2,2016-03-07,"18:40","A","Dry",1,1,9,1,3,1,64
2,2016-03-07,"18:40","A","Dry",1,1,20,1,3,1,57
2,2016-03-07,"18:40","A","Dry",1,1,20,3,3,1,55
2,2016-03-07,"16:42","U","Dry",1,1,9,1,3,1,33
1,2016-03-09,"15:45","U","Wet/Damp",1,2,9,3,3,1,11
2,2016-03-10,"06:51","U","Dry",1,9,9,1,3,1,48
2,2016-03-10,"06:57","U","Wet/Damp",6,1,9,1,3,1,35
1,2016-03-12,"17:00","U","Dry",1,1,9,3,3,1,7
6,2016-03-13,"10:48","A","Dry",1,1,9,2,3,1,25
6,2016-03-13,"10:48","A","Dry",1,1,9,1,3,1,22
6,2016-03-13,"10:48","A","Dry",1,1,9,2,3,1,21
2,2016-03-15,"07:59","M","Wet/Damp",1,1,19,1,3,1,34
1,2016-03-18,"06:00","A","Dry",1,9,19,2,3,1,24
2,2016-03-18,"08:30","A","Dry",1,1,9,1,3,2,21
1,2016-03-19,"11:07","U","Dry",1,1,9,3,3,1,26
2,2016-03-19,"13:30","U","Dry",1,1,9,1,2,1,88
1,2016-03-19,"17:27","U","Dry",1,1,9,1,3,2,24
1,2016-03-19,"17:27","U","Dry",1,1,9,2,3,2,23
3,2016-03-19,"18:56","U","Dry",4,1,9,1,3,1,72
3,2016-03-19,"18:56","U","Dry",4,1,9,1,3,1,21
3,2016-03-19,"18:56","U","Dry",4,1,9,2,3,2,21
1,2016-03-19,"19:02","U","Dry",1,1,9,3,2,1,93
2,2016-03-21,"16:55","U","Dry",1,1,1,1,3,1,41
3,2016-03-22,"17:10","A","Dry",1,1,5,1,2,1,36
1,2016-03-22,"17:30","A","Dry",1,1,9,3,3,1,7
2,2016-03-23,"17:00","U","Dry",1,1,9,1,3,1,79
1,2016-03-24,"07:59","U","Wet/Damp",1,8,9,1,3,2,27
1,2016-03-24,"07:59","U","Wet/Damp",1,8,9,2,3,1,36
3,2016-03-24,"10:25","A","Wet/Damp",1,1,9,1,3,1,59
3,2016-03-24,"10:25","A","Wet/Damp",1,1,9,2,3,2,10
1,2016-03-24,"15:55","A","Dry",1,8,9,3,2,1,14
2,2016-03-24,"18:27","A","Wet/Damp",4,2,4,1,3,1,49
2,2016-03-25,"07:15","A","Dry",1,1,1,1,3,1,50
1,2016-03-26,"17:31","M","Wet/Damp",1,5,9,1,3,2,33
1,2016-03-27,"13:50","M","Wet/Damp",1,5,9,2,3,2,26
3,2016-03-27,"19:10","A","Wet/Damp",1,1,9,1,3,1,39
3,2016-03-29,"08:45","A","Wet/Damp",1,3,9,1,3,1,36
2,2016-03-29,"06:00","A","Dry",1,1,9,1,3,1,35
2,2016-03-31,"09:30","A","Dry",1,1,9,1,3,1,35
2,2016-03-31,"09:30","A","Dry",1,1,9,2,3,1,35
1,2016-04-02,"05:50","U","Wet/Damp",1,1,9,3,3,1,36
1,2016-04-02,"13:53","U","Dry",1,1,9,3,2,1,22
3,2016-04-02,"16:10","A","Dry",1,1,9,1,3,1,47
3,2016-04-02,"16:10","A","Dry",1,1,9,2,3,2,46
3,2016-04-02,"16:10","A","Dry",1,1,9,2,3,2,16
3,2016-04-02,"16:10","A","Dry",1,1,9,1,3,2,32
3,2016-04-02,"16:10","A","Dry",1,1,9,2,3,1,62
3,2016-04-02,"16:10","A","Dry",1,1,9,2,3,2,62
3,2016-04-02,"16:10","A","Dry",1,1,9,1,3,2,70
3,2016-04-02,"16:10","A","Dry",1,1,9,2,3,2,70
1,2016-04-06,"21:48","U","Wet/Damp",5,2,8,3,3,1,77
1,2016-04-08,"10:30","M","Dry",1,1,21,1,3,1,49
1,2016-04-10,"14:43","U","Dry",1,1,9,3,3,2,14
3,2016-04-10,"21:22","A","Dry",4,1,9,1,3,1,32
1,2016-04-11,"13:08","A","Dry",1,1,21,3,3,1,54
1,2016-04-11,"16:04","U","Dry",1,1,9,3,3,2,4
1,2016-04-12,"12:36","U","Wet/Damp",1,2,9,3,2,2,37
2,2016-04-12,"16:20","U","Wet/Damp",1,2,9,1,3,2,44
2,2016-04-12,"16:20","U","Wet/Damp",1,2,9,1,3,2,23
1,2016-04-12,"21:04","U","Wet/Damp",4,1,9,2,2,1,19
1,2016-04-12,"21:04","U","Wet/Damp",4,1,9,2,2,1,15
1,2016-04-12,"21:04","U","Wet/Damp",4,1,9,2,2,1,25
2,2016-04-13,"16:49","U","Dry",1,1,9,1,3,2,46
1,2016-04-13,"17:00","U","Dry",1,1,5,1,1,1,46
2,2016-04-15,"12:56","U","Dry",1,1,1,1,3,1,43
1,2016-04-14,"15:15","U","Dry",1,1,9,3,3,1,4
2,2016-04-14,"18:00","B","Dry",1,1,9,1,3,2,25
2,2016-04-15,"15:05","U","Wet/Damp",1,1,5,1,2,2,53
2,2016-04-15,"18:00","A","Dry",1,1,1,1,3,1,50
1,2016-04-18,"22:21","U","Dry",4,1,9,3,3,2,55
2,2016-04-19,"08:00","U","Dry",1,1,3,1,2,2,21
4,2016-04-19,"11:36","A","Dry",1,1,9,1,3,2,26
4,2016-04-19,"11:36","A","Dry",1,1,9,1,3,2,38
2,2016-04-20,"09:10","A","Dry",1,1,5,1,2,1,74
4,2016-04-20,"15:25","U","Dry",1,1,9,1,3,1,37
4,2016-04-20,"15:25","U","Dry",1,1,8,1,3,1,45
4,2016-04-20,"15:25","U","Dry",1,1,9,1,3,2,51
4,2016-04-20,"15:25","U","Dry",1,1,9,1,3,1,24
3,2016-04-21,"22:44","A","Dry",4,1,9,1,3,1,34
3,2016-04-21,"22:44","A","Dry",4,1,9,2,3,1,20
2,2016-04-22,"08:11","A","Dry",1,1,9,1,3,2,57
2,2016-04-22,"08:11","A","Dry",1,1,9,1,3,2,62
2,2016-04-22,"12:58","A","Dry",1,1,9,1,3,2,41
2,2016-04-23,"01:30","A","Dry",4,1,9,1,3,1,23
2,2016-04-23,"01:30","A","Dry",4,1,8,1,3,1,40
2,2016-04-17,"17:30","U","Dry",1,1,9,2,3,2,51
2,2016-04-25,"06:10","A","Dry",1,1,1,1,3,1,37
2,2016-04-25,"17:36","M","Wet/Damp",1,1,9,1,3,1,27
2,2016-04-25,"17:36","M","Wet/Damp",1,1,20,1,3,1,31
2,2016-04-25,"17:30","A","Dry",1,1,1,1,3,1,59
1,2016-04-26,"15:45","B","Dry",1,1,9,3,3,1,14
3,2016-04-28,"21:04","U","Dry",4,1,9,3,3,1,60
2,2016-04-30,"07:18","U","Dry",1,1,9,1,3,2,30
1,2016-04-30,"12:05","A","Dry",1,1,9,3,3,1,51
2,2016-04-30,"19:25","U","Dry",1,1,9,1,3,1,54
1,2016-04-30,"12:30","U","Dry",1,1,9,3,3,2,43
2,2016-05-01,"22:39","U","Dry",4,1,9,1,3,2,26
2,2016-05-03,"11:26","M","Dry",1,1,9,1,3,1,29
1,2016-05-03,"17:25","U","Dry",1,1,9,3,2,1,11
3,2016-05-04,"07:43","M","Dry",1,1,9,1,3,2,31
3,2016-05-04,"07:43","M","Dry",1,1,9,1,3,2,22
1,2016-05-05,"07:56","A","Dry",1,1,5,3,3,2,25
1,2016-05-05,"07:56","A","Dry",1,1,5,1,3,1,24
1,2016-05-05,"07:56","A","Dry",1,1,5,2,3,2,22
2,2016-05-05,"17:00","U","Dry",1,1,9,1,3,1,24
2,2016-05-06,"14:18","A","Dry",1,1,9,1,3,2,27
2,2016-05-06,"12:30","B","Dry",1,1,9,3,3,2,40
1,2016-05-07,"22:07","A","Wet/Damp",6,1,9,2,3,1,19
2,2016-05-08,"12:02","A","Dry",1,1,1,1,3,1,30
1,2016-05-10,"15:15","U","Dry",1,1,9,3,3,2,6
2,2016-05-10,"17:20","U","Wet/Damp",1,2,1,1,3,1,40
2,2016-05-10,"13:45","U","Dry",1,1,5,1,3,1,50
3,2016-05-11,"09:04","U","Dry",1,1,9,1,3,2,79
3,2016-05-11,"09:04","U","Dry",1,1,9,1,3,2,73
4,2016-05-12,"07:05","A","Dry",1,1,9,1,3,2,64
4,2016-05-12,"07:05","A","Dry",1,1,9,1,3,2,55
1,2016-05-13,"15:55","U","Dry",1,1,9,3,2,1,20
1,2016-05-13,"20:00","U","Dry",1,1,2,1,3,1,19
2,2016-05-14,"09:51","U","Dry",1,1,9,1,3,2,24
2,2016-05-14,"14:38","U","Dry",1,1,9,1,3,2,24
2,2016-05-14,"14:38","U","Dry",1,1,9,1,3,2,42
2,2016-05-14,"14:20","A","Dry",1,1,9,2,3,1,9
2,2016-05-14,"14:20","A","Dry",1,1,9,1,3,1,32
2,2016-05-14,"14:20","A","Dry",1,1,9,2,3,2,11
1,2016-05-14,"19:05","A","Dry",1,1,19,3,3,2,32
2,2016-05-15,"08:55","A","Dry",1,1,9,1,3,1,48
2,2016-05-15,"08:55","A","Dry",1,1,9,1,3,2,20
2,2016-05-16,"17:35","A","Dry",1,1,5,1,3,1,57
2,2016-05-16,"20:00","A","Dry",1,1,1,1,3,1,13
2,2016-05-16,"23:14","A","Dry",4,1,9,1,3,1,83
2,2016-05-16,"23:14","A","Dry",4,1,9,2,3,1,79
2,2016-05-16,"23:14","A","Dry",4,1,9,1,3,1,34
2,2016-05-17,"12:09","U","Dry",1,1,19,1,3,2,31
2,2016-05-17,"12:09","U","Dry",1,1,9,1,3,1,42
1,2016-05-14,"16:45","U","Dry",1,1,9,3,3,1,35
3,2016-05-17,"18:10","U","Dry",1,1,9,1,3,2,19
3,2016-05-17,"18:10","U","Dry",1,1,9,2,3,1,62
2,2016-05-19,"14:00","U","Dry",1,1,9,2,3,1,1
2,2016-05-19,"14:00","U","Dry",1,1,9,1,3,2,52
1,2016-05-19,"21:49","U","Dry",4,1,9,3,3,2,45
1,2016-05-19,"21:49","U","Dry",4,1,9,1,3,2,26
1,2016-05-20,"02:30","U","Wet/Damp",4,1,9,3,3,2,23
1,2016-05-20,"02:30","U","Wet/Damp",4,1,9,3,3,2,24
1,2016-05-20,"02:30","U","Wet/Damp",4,1,9,3,3,1,25
1,2016-05-21,"02:10","A","Wet/Damp",4,2,9,1,2,1,20
1,2016-05-21,"02:10","A","Wet/Damp",4,2,9,2,2,1,NA
1,2016-05-21,"02:10","A","Wet/Damp",4,2,9,2,3,1,21
1,2016-05-21,"02:10","A","Wet/Damp",4,2,9,2,3,1,25
2,2016-05-21,"21:08","B","Wet/Damp",4,2,9,2,3,2,19
2,2016-05-21,"21:08","B","Wet/Damp",4,2,9,1,2,2,40
1,2016-05-22,"20:45","A","Dry",4,1,9,1,3,1,18
1,2016-05-22,"20:45","A","Dry",4,1,9,2,3,2,16
2,2016-05-23,"14:35","M","Dry",1,1,9,2,2,2,74
2,2016-05-23,"17:20","U","Dry",1,1,1,1,3,1,44
2,2016-05-24,"14:28","A","Dry",1,1,9,2,3,2,65
2,2016-05-24,"14:28","A","Dry",1,1,9,1,3,2,68
2,2016-05-24,"14:28","A","Dry",1,1,9,1,3,1,46
2,2016-05-24,"20:22","A","Dry",1,1,1,1,3,2,65
1,2016-05-26,"11:55","A","Wet/Damp",1,2,8,3,3,2,75
1,2016-05-26,"16:32","U","Wet/Damp",1,2,2,1,2,1,20
1,2016-05-26,"17:20","U","Wet/Damp",1,2,9,3,3,1,8
2,2016-05-27,"23:45","A","Dry",4,1,9,1,3,1,45
2,2016-05-27,"23:45","A","Dry",4,1,9,2,3,2,45
3,2016-05-28,"10:16","A","Dry",1,1,1,1,3,1,26
3,2016-05-28,"10:16","A","Dry",1,1,1,1,3,1,46
1,2016-05-29,"20:18","U","Dry",1,1,5,1,3,1,60
1,2016-05-30,"17:35","U","Dry",1,1,9,3,2,1,15
3,2016-05-31,"16:03","A","Dry",1,1,9,1,3,1,20
3,2016-05-31,"16:03","A","Dry",1,1,9,2,3,1,21
3,2016-05-31,"16:03","A","Dry",1,1,19,1,3,1,28
2,2016-05-31,"17:50","U","Dry",1,1,23,1,3,1,16
2,2016-06-02,"15:15","U","Dry",1,1,9,1,3,1,37
2,2016-06-02,"15:15","U","Dry",1,1,9,2,3,1,10
2,2016-06-02,"15:15","U","Dry",1,1,9,2,3,2,12
1,2016-06-05,"13:42","U","Dry",1,1,8,3,2,1,1
1,2016-06-06,"13:00","U","Dry",1,1,8,3,3,1,36
3,2016-06-11,"20:35","U","Wet/Damp",4,2,9,1,3,1,63
3,2016-06-11,"20:35","U","Wet/Damp",4,2,9,2,3,1,25
2,2016-06-12,"12:48","U","Wet/Damp",1,2,9,2,3,2,65
2,2016-06-14,"21:32","U","Wet/Damp",1,1,9,2,3,2,25
1,2016-06-16,"12:15","U","Dry",1,1,9,3,3,1,100
2,2016-06-18,"13:15","A","Dry",1,1,8,2,3,1,31
2,2016-06-18,"13:15","A","Dry",1,1,8,2,3,2,27
2,2016-06-18,"13:15","A","Dry",1,1,8,2,3,1,9
2,2016-06-18,"13:15","A","Dry",1,1,8,2,3,2,7
2,2016-06-18,"13:15","A","Dry",1,1,8,2,3,1,1
2,2016-06-18,"13:15","A","Dry",1,1,8,2,3,2,54
2,2016-06-18,"14:48","U","Dry",1,1,9,1,3,1,36
2,2016-06-14,"00:20","U","Dry",7,1,9,1,3,1,37
2,2016-06-20,"17:34","A","Dry",1,1,9,2,3,2,27
2,2016-06-20,"17:34","A","Dry",1,1,9,1,3,2,31
2,2016-06-20,"17:34","A","Dry",1,1,9,2,3,2,24
2,2016-06-22,"16:15","U","Dry",1,1,9,1,3,1,90
1,2016-06-24,"01:15","U","Dry",4,1,9,3,2,1,24
2,2016-06-24,"15:15","U","Dry",1,1,9,1,3,2,20
2,2016-06-26,"12:00","U","Dry",1,1,1,1,3,1,44
2,2016-06-26,"12:45","A","Dry",1,1,1,1,3,1,54
1,2016-06-28,"16:07","U","Wet/Damp",1,2,9,3,3,2,16
1,2016-06-28,"16:27","A","Dry",1,1,9,3,2,2,92
1,2016-06-28,"23:44","A","Wet/Damp",4,1,9,1,3,1,34
1,2016-06-30,"12:11","U","Dry",1,1,19,3,3,2,79
2,2016-07-03,"08:20","A","Dry",1,1,9,1,3,2,67
2,2016-07-04,"10:54","M","Dry",1,1,9,1,3,2,39
3,2016-07-04,"23:15","U","Wet/Damp",4,2,9,3,2,1,21
1,2016-07-05,"15:24","U","Dry",1,1,9,3,3,1,6
1,2016-07-08,"03:30","A","Dry",4,1,19,2,3,1,26
2,2016-07-06,"08:00","A","Dry",1,1,9,1,3,2,27
1,2016-07-08,"11:34","B","Wet/Damp",1,1,3,1,3,1,21
2,2016-07-09,"11:55","A","Wet/Damp",1,2,9,1,3,2,30
1,2016-07-09,"15:20","A","Dry",1,1,11,2,3,2,53
1,2016-07-09,"21:35","U","Wet/Damp",1,2,9,3,2,1,52
2,2016-07-10,"13:10","A","Dry",1,1,9,2,3,2,40
3,2016-07-10,"15:48","U","Wet/Damp",1,2,9,1,3,2,42
2,2016-07-11,"16:30","A","Dry",1,1,4,1,2,1,75
2,2016-07-11,"18:12","U","Dry",1,1,1,1,2,1,10
4,2016-07-12,"09:45","A","Dry",1,1,9,1,3,1,76
4,2016-07-12,"09:45","A","Dry",1,1,9,2,3,1,21
2,2016-07-14,"08:22","A","Dry",1,1,3,1,3,2,45
2,2016-07-15,"07:52","U","Dry",1,1,1,1,3,1,11
2,2016-07-15,"13:28","A","Dry",1,1,9,1,3,1,53
2,2016-07-15,"13:28","A","Dry",1,1,9,2,3,2,19
2,2016-07-15,"13:28","A","Dry",1,1,8,1,3,1,53
2,2016-07-16,"03:05","M","Wet/Damp",4,5,21,1,3,1,51
2,2016-07-16,"03:05","M","Wet/Damp",4,5,11,1,2,1,35
2,2016-07-16,"03:05","M","Wet/Damp",4,5,11,2,2,1,22
2,2016-07-16,"16:09","A","Dry",1,1,9,2,3,1,2
2,2016-07-16,"16:09","A","Dry",1,1,9,2,3,2,6
3,2016-07-16,"21:45","U","Dry",4,1,9,1,3,1,43
2,2016-07-17,"13:16","A","Dry",1,1,1,1,1,1,32
2,2016-07-17,"13:16","A","Dry",1,1,1,1,2,1,61
2,2016-07-18,"18:25","M","Dry",1,1,9,1,3,2,38
2,2016-07-19,"07:55","A","Dry",1,1,11,2,3,2,49
2,2016-07-19,"17:30","U","Dry",1,1,19,2,3,2,20
2,2016-07-18,"18:39","U","Dry",1,1,9,2,3,2,36
2,2016-07-18,"18:39","U","Dry",1,1,9,2,3,2,7
2,2016-07-18,"18:39","U","Dry",1,1,9,2,3,2,8
2,2016-07-21,"09:45","U","Dry",1,1,9,2,3,2,12
2,2016-07-22,"22:20","A","Dry",4,1,4,3,3,1,36
1,2016-07-23,"14:03","U","Dry",1,1,9,3,3,2,31
1,2016-07-23,"14:03","U","Dry",1,1,9,3,3,2,1
2,2016-07-23,"13:40","A","Dry",1,1,9,1,3,2,49
2,2016-07-24,"01:31","A","Dry",1,1,19,1,2,1,26
2,2016-07-24,"01:31","A","Dry",1,1,19,2,3,2,15
2,2016-07-24,"01:31","A","Dry",1,1,8,1,3,1,43
2,2016-07-24,"01:31","A","Dry",1,1,19,2,3,2,20
2,2016-07-24,"12:34","U","Dry",1,1,9,1,3,1,22
2,2016-07-26,"06:39","U","Wet/Damp",1,2,9,1,3,2,44
2,2016-07-26,"07:50","M","Dry",1,1,9,1,3,1,33
2,2016-07-26,"07:50","M","Dry",1,1,9,1,3,1,37
2,2016-07-27,"11:10","A","Dry",1,1,9,1,3,2,27
2,2016-07-28,"10:15","A","Dry",1,1,9,1,3,1,53
2,2016-07-28,"10:15","A","Dry",1,1,9,1,3,2,68
3,2016-07-28,"16:18","M","Wet/Damp",1,2,9,1,3,2,21
3,2016-07-29,"18:50","U","Dry",1,1,9,1,3,2,24
3,2016-07-29,"18:50","U","Dry",1,1,9,2,3,2,2
1,2016-07-29,"20:18","A","Dry",1,1,9,2,3,2,20
1,2016-07-29,"20:18","A","Dry",1,1,9,2,3,1,17
1,2016-07-30,"05:22","A","Dry",1,1,9,3,2,2,20
2,2016-08-05,"14:50","A","Dry",1,1,9,1,3,2,20
2,2016-08-05,"14:50","A","Dry",1,1,9,2,3,2,27
2,2016-08-05,"17:30","A","Dry",1,1,5,1,3,1,46
1,2016-08-07,"00:57","U","Dry",4,1,9,1,2,1,34
1,2016-08-07,"00:57","U","Dry",4,1,9,2,2,1,20
1,2016-08-07,"00:57","U","Dry",4,1,9,2,2,1,24
1,2016-08-07,"17:32","U","Dry",1,1,1,1,2,1,14
2,2016-08-09,"18:25","A","Dry",1,1,9,1,3,1,20
2,2016-08-09,"18:25","A","Dry",1,1,9,2,3,1,14
1,2016-08-10,"01:20","A","Wet/Damp",4,2,5,1,1,1,21
2,2016-08-11,"17:55","A","Dry",1,1,9,1,3,2,37
2,2016-08-11,"18:15","U","Dry",1,1,22,1,3,1,50
1,2016-08-12,"16:00","U","Dry",1,1,2,3,3,1,64
1,2016-08-13,"00:45","A","Wet/Damp",4,2,8,3,2,1,38
2,2016-08-14,"16:55","A","Dry",1,1,1,1,2,1,51
2,2016-08-15,"21:10","B","Dry",4,1,5,1,3,2,35
2,2016-08-16,"17:20","B","Dry",1,1,11,2,3,1,13
2,2016-08-16,"17:20","B","Dry",1,1,11,2,3,2,34
2,2016-08-16,"17:20","B","Dry",1,1,11,2,3,2,17
2,2016-08-16,"17:20","B","Dry",1,1,11,2,3,1,60
2,2016-08-17,"11:35","U","Dry",1,1,11,3,3,1,48
2,2016-08-18,"07:35","B","Dry",1,1,3,1,3,1,51
1,2016-08-18,"19:32","A","Dry",1,1,19,1,3,1,32
2,2016-08-19,"11:20","A","Wet/Damp",1,2,9,1,3,2,27
4,2016-08-19,"19:04","M","Dry",1,1,9,1,3,1,23
2,2016-08-19,"23:14","A","Wet/Damp",4,1,9,1,3,1,20
2,2016-08-19,"23:14","A","Wet/Damp",4,1,9,2,3,2,18
3,2016-08-21,"18:15","U","Dry",1,1,2,1,3,1,12
3,2016-08-21,"18:15","U","Dry",1,1,2,1,3,1,13
2,2016-08-21,"22:50","U","Dry",4,9,9,1,3,1,34
3,2016-08-23,"20:54","A","Dry",4,1,9,1,2,1,26
3,2016-08-23,"20:54","A","Dry",4,1,9,2,2,1,25
3,2016-08-23,"20:54","A","Dry",4,1,9,1,2,2,54
2,2016-08-23,"16:20","A","Dry",1,1,9,1,3,1,40
2,2016-08-24,"22:20","A","Dry",4,1,9,1,3,1,46
1,2016-08-25,"17:01","U","Wet/Damp",1,2,19,3,3,2,50
2,2016-08-26,"18:35","U","Dry",1,1,9,1,3,2,36
2,2016-08-26,"18:35","U","Dry",1,1,9,2,3,2,19
2,2016-08-26,"18:35","U","Dry",1,1,9,2,3,1,15
3,2016-08-28,"18:30","A","Dry",1,1,9,1,2,1,49
3,2016-08-28,"18:30","A","Dry",1,1,9,2,2,2,28
3,2016-08-28,"18:30","A","Dry",1,1,9,1,3,2,58
2,2016-08-29,"19:10","U","Dry",1,1,9,1,3,1,45
2,2016-08-29,"19:10","U","Dry",1,1,9,2,3,1,30
2,2016-08-29,"19:10","U","Dry",1,1,9,2,3,1,24
1,2016-08-30,"07:00","U","Dry",1,1,9,3,3,1,32
1,2016-08-29,"13:30","U","Dry",1,1,17,1,3,1,28
2,2016-09-03,"15:28","B","Wet/Damp",1,2,9,1,3,2,37
2,2016-09-03,"15:28","B","Wet/Damp",1,2,9,2,3,2,36
2,2016-09-03,"15:50","U","Wet/Damp",1,2,9,1,3,2,26
1,2016-09-03,"22:13","A","Wet/Damp",1,2,9,3,2,1,60
2,2016-09-06,"14:39","A","Dry",1,1,9,1,3,2,85
2,2016-09-06,"20:40","A","Dry",4,1,9,1,1,1,30
2,2016-09-06,"20:40","A","Dry",4,1,9,2,1,2,26
1,2016-09-07,"11:31","A","Dry",1,1,11,2,3,2,65
1,2016-09-09,"11:19","U","Dry",1,1,8,3,3,1,61
1,2016-09-09,"17:00","U","Dry",1,1,9,3,3,2,55
2,2016-09-10,"20:35","U","Dry",1,1,9,2,3,1,9
2,2016-09-11,"17:15","A","Dry",1,1,9,1,2,1,28
2,2016-09-11,"20:07","A","Dry",4,1,9,2,2,1,19
2,2016-09-11,"20:07","A","Dry",4,1,9,1,3,1,35
2,2016-09-13,"11:44","A","Dry",1,1,5,1,3,1,47
3,2016-09-13,"19:05","U","Dry",1,1,1,1,3,1,14
2,2016-09-14,"19:10","A","Dry",1,1,1,1,3,2,52
2,2016-09-15,"08:20","A","Dry",1,1,1,1,3,1,60
2,2016-09-15,"18:40","A","Dry",1,1,1,1,3,1,14
2,2016-09-16,"11:08","U","Dry",1,1,9,1,3,2,52
2,2016-09-16,"11:08","U","Dry",1,1,9,2,3,2,55
1,2016-09-17,"13:15","U","Dry",1,1,9,3,3,1,1
3,2016-09-19,"15:14","U","Dry",1,1,9,1,3,1,26
1,2016-09-19,"16:45","A","Dry",1,1,1,1,3,1,55
2,2016-09-20,"16:55","A","Dry",1,1,9,1,3,1,63
1,2016-09-22,"16:13","U","Dry",1,1,9,3,3,1,11
2,2016-09-23,"11:25","M","Dry",1,1,9,1,3,2,56
1,2016-09-23,"13:10","A","Dry",1,1,19,3,3,1,19
2,2016-09-26,"15:29","U","Wet/Damp",1,2,2,1,3,1,16
2,2016-09-28,"08:10","U","Dry",1,1,9,1,3,2,55
2,2016-09-28,"20:19","A","Dry",4,1,1,1,2,1,37
2,2016-09-29,"22:00","B","Dry",4,1,9,1,1,1,18
2,2016-09-29,"22:00","B","Dry",4,1,9,2,3,1,72
1,2016-10-01,"15:29","U","Dry",1,1,9,3,3,2,24
2,2016-10-01,"22:55","A","Dry",4,1,9,1,3,2,18
1,2016-10-03,"09:45","U","Dry",1,1,9,3,3,1,43
2,2016-10-03,"13:30","A","Dry",1,8,9,2,3,2,11
1,2016-10-03,"13:37","B","Dry",1,1,9,3,3,2,35
2,2016-10-04,"07:00","U","Dry",1,1,1,1,3,1,51
1,2016-10-05,"08:45","U","Dry",1,1,9,3,3,1,13
2,2016-10-05,"15:55","A","Dry",1,1,9,1,3,1,23
2,2016-10-09,"19:45","U","Dry",4,1,3,1,3,1,23
1,2016-10-06,"08:58","U","Dry",1,1,10,3,3,1,5
2,2016-10-08,"04:58","M","Dry",4,1,9,1,3,1,28
2,2016-10-08,"11:21","A","Dry",1,1,9,2,3,2,62
2,2016-10-08,"11:21","A","Dry",1,1,9,1,3,1,54
2,2016-10-08,"11:21","A","Dry",1,1,9,2,3,2,48
2,2016-10-08,"11:53","B","Wet/Damp",1,1,19,1,3,1,38
2,2016-10-08,"11:53","B","Wet/Damp",1,1,9,2,3,2,29
2,2016-10-08,"11:53","B","Wet/Damp",1,1,9,2,3,2,25
2,2016-10-15,"16:05","A","Dry",1,1,9,1,3,1,86
2,2016-10-16,"18:21","A","Dry",1,1,9,1,3,2,22
2,2016-10-16,"18:21","A","Dry",1,1,9,2,3,2,24
1,2016-10-18,"13:35","A","Wet/Damp",1,2,9,3,3,1,51
2,2016-10-18,"17:40","M","Dry",1,1,9,1,3,1,48
2,2016-10-18,"19:05","U","Wet/Damp",4,1,9,2,3,2,10
2,2016-10-18,"19:05","U","Wet/Damp",4,1,9,2,3,2,32
2,2016-10-19,"19:15","U","Dry",4,1,8,2,3,2,20
2,2016-10-21,"12:16","A","Dry",1,1,9,1,3,1,72
1,2016-10-22,"09:30","A","Dry",1,1,9,1,3,2,78
2,2016-10-26,"07:39","A","Dry",1,1,1,1,2,1,46
1,2016-10-26,"10:12","U","Dry",1,1,9,1,3,2,79
1,2016-10-26,"11:25","U","Wet/Damp",1,1,9,1,3,2,49
2,2016-10-26,"17:00","A","Dry",1,1,4,1,3,1,33
4,2016-10-27,"17:35","M","Dry",1,1,9,2,3,1,NA
4,2016-10-27,"17:35","M","Dry",1,1,9,1,3,2,20
1,2016-10-26,"21:50","U","Dry",4,1,9,3,3,1,40
1,2016-10-28,"13:00","U","Dry",1,1,19,3,3,1,25
2,2016-10-31,"17:40","U","Dry",1,1,11,2,3,1,64
1,2016-10-31,"18:00","A","Dry",4,1,9,3,3,1,27
2,2016-11-02,"22:50","A","Wet/Damp",4,1,9,2,3,2,52
2,2016-11-04,"07:26","B","Dry",1,1,3,1,2,1,21
2,2016-11-04,"10:00","U","Dry",1,1,9,1,3,2,41
2,2016-11-04,"13:40","M","Dry",1,1,9,1,3,1,44
1,2016-10-27,"09:00","U","Dry",1,1,9,3,3,2,74
3,2016-11-09,"05:40","M","Snow",4,3,8,1,3,1,58
2,2016-11-10,"16:10","U","Wet/Damp",1,1,9,3,3,2,36
1,2016-11-10,"18:05","A","Wet/Damp",4,1,9,3,3,2,22
2,2016-11-10,"12:45","A","Dry",1,1,9,2,3,2,82
2,2016-11-10,"14:20","U","Dry",1,1,9,1,3,2,25
1,2016-11-12,"12:50","M","Wet/Damp",1,1,9,1,3,2,38
2,2016-11-12,"23:30","A","Dry",4,1,9,2,3,1,15
2,2016-11-12,"23:30","A","Dry",4,1,9,1,3,2,19
2,2016-11-14,"17:17","A","Wet/Damp",4,1,1,1,3,1,54
2,2016-11-14,"18:58","U","Wet/Damp",4,1,9,1,3,1,50
2,2016-11-14,"18:58","U","Wet/Damp",4,1,9,1,3,2,22
2,2016-11-16,"12:05","A","Wet/Damp",1,1,1,1,3,1,24
2,2016-11-20,"14:40","M","Dry",1,1,9,1,3,1,48
2,2016-11-20,"14:40","M","Dry",1,1,9,2,3,2,49
2,2016-11-20,"14:40","M","Dry",1,1,9,2,3,2,17
2,2016-11-21,"07:20","U","Wet/Damp",4,2,3,1,3,1,26
1,2016-11-21,"18:00","U","Wet/Damp",4,5,9,3,3,2,24
2,2016-11-21,"14:54","A","Dry",7,1,9,1,3,2,47
2,2016-11-21,"14:54","A","Dry",7,1,9,2,3,2,16
3,2016-11-24,"11:23","A","Dry",1,1,9,1,3,2,30
1,2016-11-25,"17:30","A","Dry",4,1,9,3,3,2,33
1,2016-11-26,"17:26","B","Dry",1,1,9,3,3,1,69
2,2016-11-26,"14:30","A","Dry",1,1,1,1,3,1,41
3,2016-11-28,"14:00","A","Dry",1,1,5,1,3,1,61
2,2016-11-23,"17:00","A","Dry",4,1,9,1,3,2,81
1,2016-11-29,"05:39","A","Wet/Damp",4,1,21,3,2,2,52
1,2016-11-29,"14:15","A","Dry",1,1,9,1,3,1,87
1,2016-11-29,"14:15","A","Dry",1,1,9,2,2,2,87
1,2016-11-28,"15:30","U","Dry",1,1,90,3,3,1,39
3,2016-11-29,"16:29","A","Dry",1,1,19,1,3,1,48
3,2016-11-29,"16:29","A","Dry",1,1,19,1,3,1,40
1,2016-11-30,"11:28","A","Dry",1,1,9,3,2,2,82
2,2016-11-30,"13:12","A","Wet/Damp",1,1,19,1,3,1,66
3,2016-11-30,"16:25","M","Wet/Damp",4,1,9,1,3,1,45
2,2016-12-01,"16:50","U","Dry",4,1,1,1,3,1,36
2,2016-12-01,"16:30","B","Wet/Damp",4,1,9,2,2,1,29
2,2016-12-01,"16:30","B","Wet/Damp",4,1,9,1,2,1,39
2,2016-12-01,"16:30","B","Wet/Damp",4,1,9,1,2,1,29
1,2016-12-02,"09:04","U","Dry",1,1,9,3,3,2,72
2,2016-12-02,"15:11","A","Dry",1,1,9,1,3,1,43
1,2016-12-03,"08:36","B","Wet/Damp",1,1,8,1,3,1,38
2,2016-12-04,"11:34","A","Wet/Damp",1,1,9,2,3,2,33
1,2016-12-04,"13:30","U","Dry",1,1,9,1,1,1,80
1,2016-12-06,"11:15","U","Dry",1,1,9,3,3,2,82
2,2016-12-07,"18:00","U","Dry",4,1,9,1,3,2,38
2,2016-12-08,"18:15","U","Dry",4,1,1,1,3,1,29
2,2016-12-08,"16:15","M","Wet/Damp",4,7,9,2,2,1,36
1,2016-12-08,"18:29","U","Dry",4,1,9,3,3,1,21
2,2016-12-08,"20:58","U","Dry",4,1,9,1,3,2,35
2,2016-12-08,"20:58","U","Dry",4,1,9,2,3,2,49
2,2016-12-08,"20:58","U","Dry",4,1,9,2,3,2,7
2,2016-12-08,"20:58","U","Dry",4,1,9,2,3,1,18
1,2016-12-09,"20:45","A","Wet/Damp",4,1,9,1,3,1,43
2,2016-12-11,"21:15","U","Wet/Damp",4,1,9,1,3,2,51
2,2016-12-11,"21:15","U","Wet/Damp",4,1,9,2,3,2,45
1,2016-12-12,"13:18","U","Dry",1,1,9,3,2,2,72
3,2016-12-14,"20:39","A","Dry",4,1,9,1,1,1,29
3,2016-12-15,"16:09","M","Dry",4,1,9,1,3,1,53
2,2016-12-14,"18:00","U","Dry",4,1,9,2,3,2,59
2,2016-12-16,"17:30","A","Dry",4,1,5,1,3,1,50
1,2016-12-16,"22:38","U","Dry",4,1,9,3,3,1,15
2,2016-12-18,"04:05","A","Dry",4,1,8,1,3,1,32
2,2016-12-18,"17:00","A","Dry",4,1,5,1,3,1,33
1,2016-12-19,"10:00","M","Dry",1,1,9,1,3,2,34
2,2016-12-19,"16:43","A","Wet/Damp",4,1,3,1,3,1,17
2,2016-12-19,"17:10","A","Wet/Damp",4,1,3,1,3,1,17
1,2016-12-22,"15:55","A","Dry",1,1,8,3,3,1,82
2,2016-12-23,"18:00","U","Wet/Damp",4,5,9,1,3,1,22
1,2016-12-23,"20:50","A","Wet/Damp",4,2,8,3,2,1,26
2,2016-12-24,"13:25","U","Wet/Damp",1,2,9,1,3,2,43
2,2016-12-24,"13:25","U","Wet/Damp",1,2,9,2,3,1,15
2,2016-12-26,"23:04","U","Dry",4,1,8,2,2,2,26
2,2016-12-26,"23:04","U","Dry",4,1,8,1,2,1,66
4,2016-12-31,"23:46","U","Wet/Damp",4,2,9,1,3,1,27
3,2015-01-04,"12:00","A","Wet/Damp",1,1,1,1,3,1,18
3,2015-01-04,"12:00","A","Wet/Damp",1,1,1,1,3,1,19
1,2015-01-06,"11:30","U","Wet/Damp",1,2,8,2,3,1,2
1,2015-01-07,"08:48","U","Wet/Damp",1,1,21,1,2,1,64
2,2015-01-07,"08:26","U","Wet/Damp",1,1,9,1,3,1,29
2,2015-01-09,"23:35","A","Frost/Ice",1,1,9,1,2,1,64
2,2015-01-10,"23:30","A","Wet/Damp",4,5,9,1,3,1,44
2,2015-01-11,"11:10","U","Frost/Ice",4,6,9,2,3,2,44
2,2015-01-11,"11:10","U","Frost/Ice",4,6,9,2,3,2,22
2,2015-01-11,"11:10","U","Frost/Ice",4,6,9,2,3,1,8
2,2015-01-11,"11:10","U","Frost/Ice",4,6,9,2,3,2,20
2,2015-01-11,"14:30","U","Wet/Damp",1,1,9,1,3,1,18
2,2015-01-12,"11:18","M","Wet/Damp",1,5,9,1,3,1,30
2,2015-01-12,"11:18","M","Wet/Damp",1,5,9,1,3,2,32
2,2015-01-14,"15:57","U","Wet/Damp",1,1,9,2,3,2,83
2,2015-01-14,"15:57","U","Wet/Damp",1,1,8,1,3,1,42
2,2015-01-14,"15:57","U","Wet/Damp",1,1,8,2,3,2,20
2,2015-01-14,"15:57","U","Wet/Damp",1,1,9,1,2,1,82
1,2015-01-15,"16:15","U","Dry",1,1,9,3,2,2,13
1,2015-01-15,"15:15","U","Wet/Damp",1,2,9,3,3,1,66
2,2015-01-17,"06:10","A","Wet/Damp",4,1,9,1,3,2,44
2,2015-01-17,"06:10","A","Wet/Damp",4,1,9,1,3,1,38
3,2015-01-20,"08:30","M","Wet/Damp",1,8,9,1,3,1,29
3,2015-01-20,"08:30","M","Wet/Damp",1,8,9,1,3,2,29
2,2015-01-21,"13:28","U","Snow",1,3,9,1,3,2,26
2,2015-01-23,"18:25","U","Wet/Damp",4,5,9,1,2,2,34
2,2015-01-23,"18:25","U","Wet/Damp",4,5,9,1,3,2,27
2,2015-01-23,"18:25","U","Wet/Damp",4,5,9,2,3,2,NA
3,2015-01-26,"11:12","U","Dry",1,1,9,1,3,2,45
1,2015-01-26,"15:00","A","Dry",1,1,9,3,3,1,57
1,2015-01-27,"16:37","B","Dry",4,1,9,1,3,1,18
1,2015-01-27,"16:37","B","Dry",4,1,9,2,3,1,17
1,2015-01-27,"16:37","B","Dry",4,1,9,2,3,1,16
1,2015-01-28,"16:04","B","Wet/Damp",1,4,9,3,3,2,13
1,2015-01-28,"16:04","B","Wet/Damp",1,4,9,3,3,2,37
1,2015-01-28,"17:35","U","Wet/Damp",4,5,9,3,3,1,16
2,2015-01-30,"10:00","B","Wet/Damp",1,1,1,1,2,1,50
2,2015-01-31,"09:55","A","Dry",1,1,9,1,3,1,45
2,2015-01-31,"09:55","A","Dry",1,1,9,1,3,2,64
1,2015-01-31,"11:45","U","Snow",1,1,9,3,3,1,79
2,2015-02-04,"13:10","A","Dry",1,1,1,1,3,1,23
1,2015-02-05,"15:25","A","Dry",1,1,9,1,3,2,68
1,2015-02-06,"12:15","U","Dry",1,1,20,3,3,2,69
3,2015-02-06,"22:57","A","Dry",1,1,9,1,3,1,48
1,2015-02-08,"01:30","B","Wet/Damp",4,1,9,1,3,1,40
3,2015-02-08,"10:34","A","Dry",1,1,9,2,3,2,7
3,2015-02-08,"10:34","A","Dry",1,1,9,2,3,1,3
3,2015-02-08,"10:34","A","Dry",1,1,9,2,3,2,36
3,2015-02-08,"10:34","A","Dry",1,1,9,1,3,1,42
2,2015-02-08,"10:50","A","Dry",1,1,9,1,3,1,47
1,2015-02-09,"10:05","U","Dry",1,1,9,3,3,1,85
3,2015-02-09,"11:41","A","Dry",1,1,9,1,2,2,66
3,2015-02-09,"11:41","A","Dry",1,1,9,2,3,1,67
2,2015-02-11,"14:28","U","Dry",1,1,9,1,3,1,33
1,2015-02-13,"11:09","M","Wet/Damp",1,1,21,1,3,1,28
4,2015-02-14,"20:30","A","Wet/Damp",4,1,9,2,1,2,44
4,2015-02-14,"20:30","A","Wet/Damp",4,1,9,1,2,1,34
4,2015-02-14,"20:30","A","Wet/Damp",4,1,9,1,3,1,46
4,2015-02-14,"20:30","A","Wet/Damp",4,1,9,2,3,2,52
4,2015-02-14,"20:30","A","Wet/Damp",4,1,9,2,3,2,14
4,2015-02-14,"20:30","A","Wet/Damp",4,1,9,2,3,1,15
2,2015-02-16,"10:30","A","Dry",1,1,9,1,3,1,68
2,2015-02-16,"12:39","A","Dry",1,1,9,1,3,2,34
2,2015-02-16,"19:15","M","Dry",4,1,9,1,3,2,47
2,2015-02-17,"15:55","A","Dry",1,1,3,1,3,1,29
1,2015-02-18,"15:05","U","Dry",1,1,9,3,3,2,76
2,2015-02-18,"18:20","U","Dry",4,1,9,1,3,2,39
1,2015-02-21,"13:35","U","Dry",1,1,9,3,2,2,76
2,2015-02-25,"08:15","U","Dry",1,1,9,1,3,2,36
2,2015-02-27,"08:40","A","Dry",1,1,9,1,3,1,45
2,2015-02-27,"08:40","A","Dry",1,1,9,1,3,2,45
2,2015-02-27,"15:15","U","Dry",1,1,9,1,3,1,48
3,2015-02-27,"21:20","A","Dry",7,1,9,1,3,2,45
1,2015-02-28,"16:54","A","Wet/Damp",1,2,9,1,3,1,22
1,2015-02-28,"16:54","A","Wet/Damp",1,2,9,2,3,2,14
3,2015-03-02,"07:40","U","Frost/Ice",1,6,9,3,3,2,42
2,2015-02-27,"17:00","B","Dry",1,1,9,1,3,2,58
2,2015-03-05,"07:25","A","Dry",1,1,1,1,3,1,27
3,2015-03-06,"15:26","U","Dry",1,1,9,2,3,2,5
1,2015-03-07,"15:00","A","Dry",1,1,9,3,2,2,61
1,2015-03-07,"17:41","U","Dry",4,1,9,3,3,1,9
2,2015-03-07,"21:53","A","Dry",4,1,9,2,2,2,25
2,2015-03-08,"16:10","U","Dry",1,1,9,1,3,2,57
1,2015-03-09,"09:40","U","Dry",1,1,9,3,3,2,70
2,2015-03-10,"07:13","A","Dry",1,1,3,1,3,1,42
3,2015-03-10,"11:54","A","Dry",1,1,9,1,2,1,82
1,2015-03-10,"13:50","U","Dry",1,1,9,3,3,1,20
1,2015-03-02,"15:15","B","Wet/Damp",1,1,9,3,3,2,29
2,2015-03-11,"12:45","A","Wet/Damp",1,2,9,1,3,2,51
3,2015-03-13,"08:45","M","Wet/Damp",1,1,9,1,3,2,23
2,2015-03-13,"08:55","A","Wet/Damp",1,2,9,2,3,2,10
2,2015-03-13,"16:45","A","Dry",1,1,9,2,3,1,10
1,2015-03-15,"11:15","A","Dry",1,1,1,1,3,1,49
2,2015-03-15,"12:51","U","Dry",1,1,9,1,3,2,32
2,2015-03-15,"12:51","U","Dry",1,1,9,2,3,1,4
2,2015-03-15,"21:00","A","Wet/Damp",4,2,9,3,1,1,48
2,2015-03-16,"10:30","M","Dry",1,1,9,1,3,2,34
1,2015-03-18,"19:10","U","Dry",4,1,9,3,3,2,18
2,2015-03-20,"08:57","U","Dry",1,1,4,1,2,1,22
2,2015-03-20,"08:57","U","Dry",1,1,9,1,3,2,36
2,2015-03-20,"11:40","U","Dry",1,1,9,1,2,1,71
1,2015-03-21,"17:54","A","Dry",1,1,9,3,3,1,32
2,2015-03-23,"13:43","A","Dry",1,1,4,1,2,1,55
2,2015-03-23,"15:45","A","Dry",1,1,4,1,3,1,61
1,2015-03-23,"16:58","A(M)","Dry",1,1,9,3,3,2,12
2,2015-03-24,"08:15","U","Dry",1,1,1,1,3,1,17
1,2015-03-24,"08:35","A","Dry",1,1,9,3,3,1,84
2,2015-03-25,"16:20","A","Dry",1,1,1,1,3,1,49
2,2015-03-27,"16:15","U","Dry",1,1,9,1,3,1,24
3,2015-03-28,"13:52","A","Wet/Damp",1,1,9,1,3,1,40
1,2015-03-28,"19:00","A","Wet/Damp",4,2,9,3,2,1,46
1,2015-03-29,"10:05","U","Wet/Damp",1,2,1,1,2,1,66
1,2015-03-29,"21:30","U","Dry",4,1,9,3,3,2,23
1,2015-03-30,"19:55","U","Wet/Damp",6,5,9,1,3,1,65
1,2015-03-31,"00:10","M","Flood",4,5,9,2,3,2,54
1,2015-03-31,"17:20","A","Wet/Damp",1,2,8,3,3,2,37
2,2015-04-01,"08:10","A","Wet/Damp",1,2,5,1,3,1,45
2,2015-04-01,"12:40","U","Wet/Damp",1,1,9,2,3,2,29
2,2015-04-01,"12:40","U","Wet/Damp",1,1,9,1,3,2,67
2,2015-04-01,"14:43","A","Wet/Damp",1,2,9,1,3,2,84
1,2015-04-02,"12:34","A","Dry",1,1,9,2,3,1,24
1,2015-04-03,"21:00","A","Dry",4,1,9,3,2,1,48
1,2015-04-04,"14:25","U","Dry",1,1,9,3,2,1,3
2,2015-04-04,"18:13","U","Dry",1,1,90,1,2,1,32
2,2015-04-04,"22:15","A","Dry",4,1,3,1,2,1,25
1,2015-04-05,"13:15","U","Dry",1,1,9,3,3,1,30
2,2015-04-07,"16:19","B","Dry",1,1,1,1,2,2,19
2,2015-04-08,"14:30","A","Dry",1,1,1,1,3,2,9
2,2015-04-09,"12:48","U","Dry",1,1,9,1,3,2,35
2,2015-04-09,"12:48","U","Dry",1,1,9,2,3,1,27
1,2015-04-09,"14:31","U","Dry",1,1,9,3,2,1,8
1,2015-04-10,"02:55","A","Dry",4,1,9,1,3,2,25
1,2015-04-10,"02:55","A","Dry",4,1,9,2,3,1,23
1,2015-04-10,"02:55","A","Dry",4,1,9,2,3,2,24
2,2015-04-13,"07:25","A","Dry",1,1,3,1,3,1,18
2,2015-04-13,"15:10","B","Dry",1,1,1,1,3,1,51
2,2015-04-14,"16:17","A","Dry",1,1,9,1,3,1,32
2,2015-04-13,"17:30","U","Dry",1,1,90,1,3,1,10
2,2015-04-17,"07:19","A","Dry",1,1,2,1,3,2,28
2,2015-04-17,"15:36","A","Dry",1,1,9,1,3,1,39
2,2015-04-20,"07:44","B","Dry",1,1,9,1,3,2,24
2,2015-04-20,"08:00","A","Dry",1,1,1,1,3,1,28
1,2015-04-21,"15:55","B","Dry",1,1,9,3,3,1,13
2,2015-04-22,"15:27","U","Dry",1,1,9,1,3,1,27
2,2015-04-23,"07:45","A","Dry",1,1,9,1,3,2,31
2,2015-04-25,"09:20","U","Wet/Damp",1,2,3,1,3,2,17
2,2015-04-26,"00:09","A","Dry",4,1,9,1,3,1,25
2,2015-04-26,"00:09","A","Dry",4,1,8,2,3,2,32
2,2015-04-26,"00:09","A","Dry",4,1,8,1,3,1,34
2,2015-04-26,"00:09","A","Dry",4,1,9,2,3,2,32
3,2015-04-26,"15:00","A","Dry",1,1,9,2,3,2,22
3,2015-04-26,"15:00","A","Dry",1,1,9,2,3,2,20
1,2015-04-27,"14:25","U","Dry",1,1,3,1,3,1,29
2,2015-04-27,"16:44","A","Dry",1,1,1,1,3,1,16
2,2015-04-27,"16:00","U","Dry",1,1,1,1,3,1,19
1,2015-05-01,"00:55","A","Dry",4,1,9,1,3,1,23
1,2015-05-01,"00:55","A","Dry",4,1,9,2,3,2,23
1,2015-05-01,"18:40","A","Dry",1,1,9,2,3,2,19
1,2015-05-01,"18:40","A","Dry",1,1,9,1,3,2,20
1,2015-05-02,"11:45","U","Wet/Damp",1,2,9,3,3,2,64
2,2015-05-03,"07:20","M","Wet/Damp",1,2,19,1,3,1,30
2,2015-05-03,"09:36","A","Wet/Damp",1,2,9,2,3,2,43
2,2015-05-03,"10:34","A","Wet/Damp",1,2,9,1,3,2,31
2,2015-05-03,"11:26","A","Dry",1,1,9,1,3,1,22
2,2015-05-03,"11:26","A","Dry",1,1,9,1,3,1,20
2,2015-05-03,"17:49","B","Dry",1,1,3,1,3,1,32
2,2015-05-04,"01:22","U","Dry",4,1,9,1,3,1,22
2,2015-05-04,"01:22","U","Dry",4,1,8,1,3,1,42
2,2015-05-07,"00:46","U","Dry",4,1,3,1,3,1,19
2,2015-05-08,"16:40","A","Dry",1,1,9,1,3,2,24
2,2015-05-08,"21:02","U","Wet/Damp",1,5,9,1,3,1,41
2,2015-05-09,"22:50","A","Dry",1,1,1,1,3,1,43
2,2015-05-09,"23:25","A","Dry",7,1,9,1,3,2,60
2,2015-05-10,"14:15","U","Dry",1,1,1,1,3,1,48
3,2015-05-11,"17:33","M","Dry",1,1,9,1,3,2,25
3,2015-05-11,"17:33","M","Dry",1,1,9,1,3,2,39
2,2015-05-13,"12:33","U","Dry",1,1,9,3,3,1,74
2,2015-05-14,"06:40","A","Dry",1,1,1,1,3,1,14
3,2015-05-14,"10:15","U","Dry",1,1,9,1,3,2,53
2,2015-05-16,"08:30","U","Dry",1,1,9,1,1,1,81
2,2015-05-16,"08:30","U","Dry",1,1,9,1,3,1,45
1,2015-05-15,"16:20","U","Dry",1,1,9,3,2,1,11
1,2015-05-16,"14:56","U","Dry",1,1,90,2,2,1,2
1,2015-05-16,"19:05","U","Dry",1,1,9,3,3,1,8
2,2015-05-17,"13:00","A","Dry",1,1,9,2,3,1,29
2,2015-05-17,"13:00","A","Dry",1,1,9,1,3,1,39
1,2015-05-19,"15:19","U","Dry",1,1,9,3,3,1,66
3,2015-05-21,"16:10","B","Dry",1,1,9,1,3,1,18
3,2015-05-21,"16:10","B","Dry",1,1,9,2,3,1,19
3,2015-05-21,"16:10","B","Dry",1,1,9,2,3,2,17
3,2015-05-21,"16:10","B","Dry",1,1,9,1,3,2,54
3,2015-05-21,"16:10","B","Dry",1,1,9,1,3,1,44
3,2015-05-23,"11:45","A","Dry",1,1,5,1,2,1,27
1,2015-05-25,"02:00","U","Dry",1,1,8,3,3,1,25
3,2015-05-26,"08:00","A","Dry",1,1,9,1,3,1,21
1,2015-05-26,"14:21","A","Dry",1,1,3,1,3,1,23
2,2015-05-27,"13:00","U","Dry",1,1,9,1,3,1,23
2,2015-05-27,"13:00","U","Dry",1,1,9,2,3,2,18
2,2015-05-28,"19:15","U","Dry",1,1,9,1,3,1,57
2,2015-05-29,"19:08","U","Dry",1,1,9,1,3,1,34
1,2015-05-31,"01:50","U","Wet/Damp",6,2,8,3,3,1,19
2,2015-05-02,"12:15","A","Dry",1,1,5,1,3,1,53
5,2015-06-01,"06:00","M","Dry",1,1,9,1,3,1,53
5,2015-06-01,"06:00","M","Dry",1,1,9,1,3,1,23
3,2015-06-01,"17:05","U","Wet/Damp",1,2,9,1,3,1,19
3,2015-06-01,"17:05","U","Wet/Damp",1,2,9,1,3,1,20
4,2015-06-01,"19:00","A","Wet/Damp",1,5,9,1,3,1,42
4,2015-06-01,"19:00","A","Wet/Damp",1,5,9,1,3,2,41
4,2015-06-01,"19:00","A","Wet/Damp",1,5,9,1,3,1,37
4,2015-06-01,"19:00","A","Wet/Damp",1,5,9,1,3,1,22
2,2015-06-02,"08:10","A","Dry",1,1,5,1,3,1,35
2,2015-06-04,"15:59","A","Dry",1,1,9,1,3,2,47
2,2015-06-04,"15:59","A","Dry",1,1,9,2,3,2,27
2,2015-06-04,"15:59","A","Dry",1,1,9,2,3,2,25
2,2015-06-04,"15:59","A","Dry",1,1,9,2,3,2,60
2,2015-06-04,"15:59","A","Dry",1,1,9,2,3,2,44
1,2015-06-05,"15:42","U","Dry",1,1,9,2,3,2,10
2,2015-06-05,"19:03","A","Dry",1,1,9,1,2,2,34
2,2015-06-05,"19:03","A","Dry",1,1,9,1,3,2,40
2,2015-05-31,"10:05","A","Dry",1,1,1,1,2,1,25
2,2015-06-08,"18:35","U","Dry",1,1,9,3,2,2,9
2,2015-06-08,"19:30","B","Dry",1,1,21,1,3,1,49
2,2015-06-09,"17:10","A","Dry",1,1,4,1,2,2,24
2,2015-06-09,"17:25","A","Dry",1,1,3,1,3,1,42
2,2015-06-10,"06:30","A","Dry",1,1,1,1,3,1,43
2,2015-06-12,"18:00","B","Dry",1,1,1,1,3,1,19
2,2015-06-13,"11:10","U","Dry",1,1,9,1,3,1,28
2,2015-06-13,"11:10","U","Dry",1,1,9,2,3,2,29
3,2015-06-13,"12:14","A","Dry",1,1,21,1,3,1,52
2,2015-06-13,"20:50","U","Dry",1,1,9,2,3,2,24
3,2015-06-15,"10:45","A","Dry",1,1,1,1,2,1,42
2,2015-06-16,"12:25","U","Dry",1,1,19,1,3,1,42
2,2015-06-16,"13:43","A","Dry",1,1,19,1,3,1,60
1,2015-06-16,"17:20","A","Dry",1,1,11,2,3,1,3
2,2015-06-17,"12:52","A","Wet/Damp",1,2,9,1,3,2,52
2,2015-06-17,"12:52","A","Wet/Damp",1,2,9,1,3,2,25
1,2015-06-17,"13:30","A","Wet/Damp",1,2,9,3,3,2,30
2,2015-06-18,"09:50","A","Dry",1,1,8,1,3,1,50
2,2015-06-18,"09:50","A","Dry",1,1,8,2,3,2,44
2,2015-06-18,"09:50","A","Dry",1,1,9,1,3,1,28
2,2015-06-18,"16:05","A","Dry",1,4,1,1,3,1,51
1,2015-06-18,"17:15","U","Dry",1,1,9,3,3,2,30
2,2015-06-20,"12:00","U","Wet/Damp",1,1,9,1,3,1,36
1,2015-06-20,"14:30","U","Dry",1,1,17,1,3,2,20
2,2015-06-20,"23:05","U","Dry",4,1,8,2,3,2,22
1,2015-06-22,"18:50","U","Dry",1,1,4,1,2,1,17
3,2015-06-23,"17:30","A","Dry",1,1,9,1,3,1,35
3,2015-06-23,"17:30","A","Dry",1,1,9,2,3,2,74
2,2015-06-25,"12:00","A","Dry",1,1,3,1,3,1,18
1,2015-06-25,"13:10","A","Dry",1,1,9,1,3,2,71
2,2015-06-25,"13:20","U","Dry",1,1,1,1,2,1,45
1,2015-06-26,"20:30","B","Dry",1,1,9,2,3,1,24
2,2015-06-27,"20:10","A","Dry",1,1,9,2,3,2,34
2,2015-06-27,"20:50","A","Dry",4,1,9,1,2,1,38
2,2015-06-27,"20:50","A","Dry",4,1,9,2,2,1,19
2,2015-06-27,"20:50","A","Dry",4,1,9,2,2,1,35
2,2015-06-27,"20:50","A","Dry",4,1,9,1,2,1,22
2,2015-06-27,"20:50","A","Dry",4,1,9,2,2,1,20
2,2015-06-27,"20:50","A","Dry",4,1,9,2,2,1,17
1,2015-06-28,"20:50","A","Dry",1,1,9,3,3,1,42
3,2015-06-28,"22:45","U","Dry",4,1,9,2,1,2,16
3,2015-06-28,"22:45","U","Dry",4,1,9,2,3,2,28
3,2015-06-28,"22:45","U","Dry",4,1,9,1,2,2,22
1,2015-06-30,"10:50","A","Dry",1,1,3,1,3,1,46
2,2015-06-30,"07:35","A","Dry",1,1,9,2,3,2,50
2,2015-06-30,"07:35","A","Dry",1,1,9,1,3,1,57
2,2015-06-30,"07:35","A","Dry",1,1,9,1,3,2,47
1,2015-07-01,"12:28","A","Dry",1,1,21,3,3,2,86
1,2015-07-01,"16:45","U","Dry",1,1,3,1,3,1,32
2,2015-07-01,"17:15","A","Dry",1,1,9,2,3,1,9
2,2015-07-02,"19:00","A","Dry",1,1,1,1,3,1,35
2,2015-07-02,"20:55","U","Dry",1,1,9,1,3,1,46
2,2015-07-02,"20:55","U","Dry",1,1,9,1,2,1,49
2,2015-07-03,"07:05","A","Dry",1,1,4,1,3,2,21
1,2015-07-03,"11:55","A","Dry",1,1,9,3,2,1,41
2,2015-07-05,"17:55","A","Dry",1,1,9,2,2,2,51
2,2015-07-05,"17:55","A","Dry",1,1,9,1,3,1,62
2,2015-07-05,"17:55","A","Dry",1,1,9,1,3,2,44
1,2015-07-06,"15:41","U","Dry",1,1,9,3,3,2,7
1,2015-07-07,"15:35","U","Dry",1,1,9,1,3,2,56
2,2015-07-07,"22:30","A","Wet/Damp",4,1,9,1,2,2,48
2,2015-07-07,"22:30","A","Wet/Damp",4,1,9,2,2,1,30
2,2015-07-07,"22:30","A","Wet/Damp",4,1,9,1,2,1,33
1,2015-07-08,"00:00","U","Wet/Damp",1,2,9,3,3,2,14
1,2015-07-08,"19:58","A","Dry",1,1,9,3,2,1,8
1,2015-07-03,"12:50","U","Dry",1,1,21,3,3,2,42
2,2015-07-10,"11:50","U","Dry",1,1,1,1,3,1,21
3,2015-07-10,"13:58","A","Dry",1,1,9,1,3,2,55
3,2015-07-10,"13:58","A","Dry",1,1,9,1,3,2,45
2,2015-07-12,"11:14","A","Dry",1,1,9,1,3,1,65
2,2015-07-13,"15:17","A","Dry",1,1,9,1,3,1,37
2,2015-07-13,"15:17","A","Dry",1,1,9,1,2,2,65
2,2015-07-13,"16:35","M","Dry",1,1,9,1,3,2,47
2,2015-07-14,"13:27","U","Dry",1,1,9,1,3,2,25
2,2015-07-14,"13:27","U","Dry",1,1,9,1,3,2,36
2,2015-07-15,"13:52","U","Dry",1,1,1,1,3,1,59
2,2015-07-15,"18:03","A","Dry",1,1,3,1,2,1,54
4,2015-07-16,"22:55","U","Dry",4,1,9,1,3,1,32
4,2015-07-16,"22:55","U","Dry",4,1,9,2,3,1,19
2,2015-07-17,"08:09","U","Dry",1,1,9,1,3,2,57
2,2015-07-17,"16:30","U","Dry",1,1,9,1,3,1,46
2,2015-07-17,"12:26","U","Dry",1,1,9,1,3,2,31
2,2015-07-20,"05:54","A","Dry",1,1,3,1,3,1,37
2,2015-07-22,"08:10","B","Dry",1,1,9,1,2,2,41
1,2015-07-22,"17:38","A","Dry",1,1,9,3,3,2,11
1,2015-07-24,"15:10","U","Dry",1,1,9,3,3,2,25
2,2015-07-24,"22:00","A","Dry",4,1,9,1,3,2,39
1,2015-07-24,"23:15","U","Dry",4,1,9,3,2,1,24
1,2015-07-25,"12:24","A","Dry",1,1,9,3,3,1,55
1,2015-07-25,"17:00","U","Dry",1,1,90,3,2,1,13
2,2015-07-26,"17:30","U","Wet/Damp",1,2,9,2,3,1,39
1,2015-07-27,"13:30","A","Wet/Damp",1,2,3,1,3,2,17
2,2015-07-28,"16:36","U","Dry",1,1,1,1,2,1,18
2,2015-07-30,"08:10","A","Wet/Damp",1,1,5,1,3,1,58
2,2015-07-30,"17:40","U","Dry",1,1,1,1,2,1,30
2,2015-07-31,"12:25","A","Dry",1,1,9,1,3,1,83
2,2015-07-31,"16:16","A","Dry",1,1,9,2,2,2,34
2,2015-07-31,"16:15","U","Dry",1,1,9,2,3,2,45
2,2015-07-31,"16:15","U","Dry",1,1,9,1,3,1,54
2,2015-07-31,"16:20","A","Dry",1,1,3,1,3,1,18
2,2015-08-03,"14:03","A","Dry",1,1,4,1,3,1,NA
2,2015-08-04,"15:26","U","Wet/Damp",1,2,9,2,3,2,26
2,2015-08-06,"19:07","U","Dry",1,1,9,2,3,2,19
1,2015-08-06,"20:05","A","Dry",1,1,9,1,3,2,57
2,2015-08-03,"14:25","A","Dry",1,1,9,1,3,1,35
2,2015-08-07,"15:25","M","Dry",1,1,9,2,3,2,6
2,2015-08-07,"15:25","M","Dry",1,1,9,2,3,2,10
2,2015-08-07,"15:25","M","Dry",1,1,9,2,3,2,39
2,2015-08-07,"15:25","M","Dry",1,1,9,2,3,2,21
2,2015-08-07,"15:25","M","Dry",1,1,9,1,3,2,22
2,2015-08-07,"15:25","M","Dry",1,1,9,2,3,2,44
2,2015-08-07,"15:25","M","Dry",1,1,9,2,3,2,18
1,2015-08-07,"21:20","U","Dry",4,1,9,3,3,1,44
2,2015-08-08,"08:30","A","Dry",1,1,1,1,3,1,45
1,2015-08-08,"01:45","U","Dry",4,1,9,3,2,1,22
1,2015-08-08,"21:00","U","Dry",1,1,9,3,3,2,12
2,2015-08-11,"19:14","A","Dry",1,1,5,1,3,1,66
4,2015-08-12,"08:14","U","Dry",1,1,9,1,3,1,67
1,2015-08-13,"16:25","U","Dry",1,1,11,3,3,1,74
1,2015-08-14,"02:09","A","Wet/Damp",4,2,4,1,3,1,20
2,2015-08-14,"14:50","U","Wet/Damp",1,2,9,2,3,2,28
2,2015-08-14,"14:50","U","Wet/Damp",1,2,9,2,3,1,31
1,2015-08-15,"12:43","U","Dry",1,1,9,3,1,1,46
2,2015-08-16,"09:34","A","Dry",1,1,9,1,3,1,51
2,2015-08-17,"11:50","U","Dry",1,1,1,1,3,2,7
2,2015-08-17,"20:00","A","Dry",1,1,3,1,3,1,20
2,2015-08-23,"19:00","A","Wet/Damp",1,2,5,1,3,1,36
2,2015-08-25,"12:20","U","Dry",1,1,9,1,3,2,55
2,2015-08-25,"12:20","U","Dry",1,1,11,1,3,1,58
2,2015-08-25,"12:20","U","Dry",1,1,11,2,3,2,79
1,2015-08-26,"13:56","A","Dry",1,1,9,3,3,1,7
2,2015-08-27,"07:30","A","Dry",1,1,3,1,3,1,19
1,2015-08-27,"16:10","U","Dry",1,1,9,3,3,1,9
2,2015-08-27,"16:55","U","Dry",1,1,1,1,3,1,9
2,2015-08-28,"14:15","A","Wet/Damp",1,1,9,2,2,2,71
2,2015-08-28,"14:15","A","Wet/Damp",1,1,9,1,3,2,47
2,2015-08-28,"14:15","A","Wet/Damp",1,1,9,1,3,1,68
2,2015-08-28,"14:15","A","Wet/Damp",1,1,1,1,3,2,15
1,2015-08-28,"23:45","U","Dry",6,1,9,1,3,1,21
1,2015-08-28,"23:45","U","Dry",6,1,9,2,3,1,18
2,2015-09-03,"17:15","U","Dry",1,1,3,1,3,1,23
1,2015-09-03,"18:37","U","Dry",1,1,3,1,2,1,19
2,2015-09-01,"10:15","U","Dry",1,1,1,1,3,1,7
1,2015-09-06,"00:50","A","Dry",4,1,9,1,3,2,26
2,2015-09-06,"18:49","A","Dry",1,1,3,1,2,1,30
1,2015-09-07,"08:20","U","Wet/Damp",1,1,9,3,3,1,18
2,2015-09-09,"06:55","A","Dry",1,1,9,1,3,1,56
2,2015-09-09,"07:40","A","Dry",1,1,4,1,3,1,56
2,2015-09-09,"13:32","A","Dry",1,1,9,1,3,2,41
1,2015-09-06,"08:30","U","Dry",1,1,9,3,3,1,46
1,2015-09-10,"14:00","A","Dry",1,1,9,1,3,2,53
2,2015-09-11,"15:10","U","Dry",1,1,9,1,3,2,35
2,2015-09-11,"15:10","U","Dry",1,1,19,1,3,1,63
1,2015-09-12,"07:54","B","Wet/Damp",1,2,9,1,3,1,27
2,2015-09-13,"12:45","A","Dry",1,1,1,1,3,1,68
2,2015-09-13,"19:24","U","Dry",4,1,9,1,3,1,23
2,2015-09-16,"08:26","A","Dry",1,1,9,1,3,2,50
2,2015-09-16,"08:26","A","Dry",1,1,9,1,3,2,45
1,2015-09-16,"11:15","U","Dry",1,1,9,3,3,2,25
1,2015-09-16,"12:48","U","Dry",1,1,1,1,2,1,31
2,2015-09-16,"10:15","A","Dry",1,1,9,1,3,1,25
4,2015-09-17,"20:15","U","Dry",4,1,9,1,3,2,32
4,2015-09-17,"20:15","U","Dry",4,1,9,1,3,2,56
1,2015-09-18,"16:40","U","Dry",1,1,9,3,3,1,44
2,2015-09-19,"15:50","A","Dry",1,1,1,1,3,1,63
2,2015-09-21,"17:31","U","Dry",1,1,9,1,3,1,59
2,2015-09-22,"08:30","A","Dry",1,1,9,1,3,2,18
2,2015-09-24,"10:05","U","Wet/Damp",1,1,2,1,3,2,22
2,2015-09-24,"22:40","A","Dry",4,1,9,1,3,2,23
2,2015-09-24,"22:40","A","Dry",4,1,9,1,3,2,46
1,2015-09-25,"08:05","U","Dry",1,1,9,3,3,1,11
2,2015-09-25,"12:26","A","Dry",1,1,9,2,3,2,47
2,2015-09-27,"08:25","A","Dry",1,1,9,1,3,2,55
2,2015-09-27,"15:00","U","Dry",1,1,1,1,3,1,50
2,2015-09-27,"17:10","A","Dry",1,1,9,1,3,1,20
1,2015-09-28,"10:23","A","Dry",1,1,11,3,2,1,61
2,2015-09-28,"16:08","U","Dry",1,1,9,3,3,1,16
1,2015-09-28,"09:50","A","Dry",1,1,11,2,3,1,78
2,2015-09-29,"20:05","U","Dry",4,1,9,2,3,2,47
1,2015-09-30,"15:41","A","Dry",1,1,9,3,2,1,10
2,2015-10-01,"16:40","U","Dry",1,1,9,1,3,2,25
2,2015-10-01,"16:40","U","Dry",1,1,9,2,3,2,29
1,2015-10-01,"18:30","U","Dry",1,1,9,3,3,2,5
1,2015-10-02,"12:09","U","Dry",1,1,9,3,2,1,1
2,2015-10-02,"16:20","A","Dry",1,1,5,1,3,1,35
2,2015-10-02,"16:20","A","Dry",1,1,9,1,3,1,36
2,2015-10-03,"18:25","U","Dry",1,1,1,1,3,1,6
1,2015-10-02,"21:15","U","Dry",4,1,9,3,3,1,63
4,2015-10-04,"07:40","U","Dry",1,1,9,1,3,1,24
2,2015-10-04,"12:40","A","Dry",1,1,9,1,3,1,27
3,2015-10-05,"12:30","A","Dry",1,1,9,1,3,1,53
3,2015-10-05,"12:30","A","Dry",1,1,9,2,3,1,19
2,2015-10-06,"19:45","U","Dry",4,1,1,1,3,1,16
2,2015-10-07,"06:55","A","Wet/Damp",4,2,1,1,3,1,28
1,2015-10-09,"17:00","U","Dry",1,1,9,3,3,1,5
2,2015-10-10,"12:19","A","Dry",1,1,9,1,3,2,32
2,2015-10-10,"12:19","A","Dry",1,1,9,1,3,1,41
1,2015-10-10,"15:27","U","Dry",1,1,9,3,2,2,13
2,2015-10-11,"19:33","A","Dry",4,1,9,1,2,1,26
2,2015-10-11,"19:33","A","Dry",4,1,9,1,2,1,19
2,2015-10-12,"07:41","A(M)","Dry",1,1,5,1,2,1,37
1,2015-10-12,"16:18","U","Dry",1,1,9,3,3,1,7
2,2015-10-13,"14:09","A","Dry",1,1,9,1,3,2,59
2,2015-10-14,"11:45","A","Dry",1,1,9,1,3,2,54
2,2015-10-14,"11:45","A","Dry",1,1,9,1,2,1,83
2,2015-10-15,"14:22","U","Dry",1,1,9,1,3,1,28
2,2015-10-16,"16:20","U","Dry",1,1,18,1,3,1,47
2,2015-10-16,"16:20","U","Dry",1,1,18,2,3,1,9
2,2015-10-16,"16:20","U","Dry",1,1,18,2,3,2,10
2,2015-10-16,"16:20","U","Dry",1,1,9,1,3,1,41
3,2015-10-17,"10:45","U","Dry",1,1,9,1,3,1,19
2,2015-10-18,"07:54","A","Wet/Damp",1,1,9,1,3,1,43
2,2015-10-19,"20:58","U","Dry",4,1,9,1,2,2,21
2,2015-10-19,"20:58","U","Dry",4,1,9,1,3,1,49
2,2015-10-19,"20:58","U","Dry",4,1,9,2,3,2,12
1,2015-10-20,"17:16","U","Dry",1,1,21,3,3,2,18
2,2015-10-21,"18:10","A","Dry",4,1,3,1,3,1,31
2,2015-10-25,"12:10","A","Dry",1,1,9,1,3,1,54
2,2015-10-25,"12:10","A","Dry",1,1,9,1,3,1,25
2,2015-10-27,"12:50","U","Wet/Damp",1,1,9,1,3,1,30
2,2015-10-28,"09:40","M","Dry",1,2,9,2,3,2,8
2,2015-10-28,"09:40","M","Dry",1,2,9,2,3,2,13
2,2015-10-29,"10:00","U","Wet/Damp",1,4,9,1,3,2,42
1,2015-11-01,"04:15","U","Wet/Damp",4,7,9,1,3,1,29
1,2015-11-01,"04:15","U","Wet/Damp",4,7,9,2,3,2,36
1,2015-11-01,"04:15","U","Wet/Damp",4,7,9,2,3,1,27
1,2015-11-01,"04:15","U","Wet/Damp",4,7,9,2,3,2,23
2,2015-11-01,"13:37","U","Dry",1,1,1,1,2,1,44
2,2015-11-04,"11:15","A","Dry",1,1,1,1,3,2,26
2,2015-11-04,"19:06","A","Wet/Damp",1,1,1,1,2,2,42
1,2015-11-05,"17:55","A(M)","Wet/Damp",4,7,9,3,3,2,19
1,2015-11-05,"19:30","U","Wet/Damp",4,2,9,3,2,1,28
1,2015-11-07,"12:10","U","Wet/Damp",1,1,9,3,3,1,63
2,2015-11-07,"13:55","U","Dry",1,1,2,1,3,1,17
2,2015-11-07,"15:58","U","Wet/Damp",1,1,9,1,3,1,36
1,2015-11-07,"22:30","U","Wet/Damp",4,1,9,3,3,2,NA
1,2015-11-08,"13:44","A","Dry",1,1,9,3,3,2,76
1,2015-11-08,"13:44","A","Dry",1,1,9,1,3,2,29
1,2015-11-08,"17:40","M","Wet/Damp",4,5,9,1,3,2,27
2,2015-11-06,"17:15","B","Dry",4,1,9,1,3,2,43
2,2015-11-09,"17:45","U","Wet/Damp",4,1,9,1,3,2,24
1,2015-11-09,"18:11","A","Wet/Damp",4,4,3,1,3,1,42
1,2015-11-09,"18:11","A","Wet/Damp",4,4,3,3,3,1,25
1,2015-11-10,"15:10","U","Wet/Damp",1,2,9,3,3,2,15
2,2015-11-10,"09:46","U","Dry",1,1,9,1,3,1,31
1,2015-11-07,"12:00","U","Wet/Damp",1,1,9,3,3,2,87
2,2015-11-13,"06:47","A","Wet/Damp",4,2,3,1,3,2,36
2,2015-11-13,"14:20","A","Wet/Damp",1,2,9,1,3,2,30
1,2015-11-13,"15:50","U","Wet/Damp",1,5,19,3,3,1,15
1,2015-11-13,"15:00","A","Wet/Damp",1,5,9,3,3,1,23
2,2015-11-14,"15:59","A","Wet/Damp",1,2,9,1,3,2,31
1,2015-11-14,"21:00","M","Wet/Damp",4,2,9,2,3,2,61
1,2015-11-14,"21:17","U","Wet/Damp",4,1,9,3,3,1,17
1,2015-11-14,"21:17","U","Wet/Damp",4,1,9,3,3,2,17
2,2015-11-14,"23:20","M","Wet/Damp",4,5,9,2,3,2,64
2,2015-11-14,"23:20","M","Wet/Damp",4,5,9,1,3,1,20
2,2015-11-14,"23:20","M","Wet/Damp",4,5,9,1,3,1,55
2,2015-11-18,"19:11","A","Wet/Damp",4,4,9,1,3,2,52
2,2015-11-19,"06:10","U","Dry",4,1,9,1,3,1,38
2,2015-11-19,"06:10","U","Dry",4,1,9,1,3,1,49
2,2015-11-18,"12:15","U","Wet/Damp",1,2,9,1,3,1,49
3,2015-11-19,"16:05","M","Wet/Damp",4,5,9,1,3,2,20
3,2015-11-19,"16:05","M","Wet/Damp",4,5,9,1,3,2,24
1,2015-11-20,"10:14","U","Wet/Damp",1,2,9,3,3,2,19
2,2015-11-20,"13:56","U","Wet/Damp",1,1,9,1,2,1,88
1,2015-11-22,"11:36","U","Dry",6,1,9,2,3,1,20
1,2015-11-22,"11:36","U","Dry",6,1,9,1,3,1,20
1,2015-11-22,"21:17","U","Wet/Damp",4,1,9,1,2,1,18
1,2015-11-22,"21:17","U","Wet/Damp",4,1,9,2,3,2,15
3,2015-11-23,"14:54","U","Wet/Damp",1,1,9,3,2,1,58
1,2015-11-24,"10:30","A","Wet/Damp",1,1,4,1,2,1,23
1,2015-11-24,"15:39","A","Wet/Damp",1,1,9,3,3,2,7
2,2015-11-25,"07:00","U","Wet/Damp",1,1,9,1,3,1,31
2,2015-11-25,"07:00","U","Wet/Damp",1,1,8,2,3,2,33
1,2015-11-25,"11:45","U","Dry",1,1,9,3,3,1,54
2,2015-11-26,"16:45","U","Wet/Damp",4,1,9,1,3,1,22
3,2015-11-27,"16:30","M","Wet/Damp",4,1,9,1,3,1,43
3,2015-11-27,"18:00","A","Wet/Damp",4,2,9,1,3,2,27
2,2015-11-29,"07:31","U","Wet/Damp",1,2,8,1,3,1,30
2,2015-11-29,"09:02","A","Wet/Damp",1,5,9,1,3,1,29
2,2015-11-30,"07:30","A","Wet/Damp",1,1,4,1,2,1,18
1,2015-11-09,"17:00","U","Wet/Damp",4,1,10,3,3,1,66
2,2015-11-30,"17:00","A","Wet/Damp",4,2,5,1,2,1,NA
2,2015-12-02,"06:30","U","Wet/Damp",4,1,9,1,3,1,64
1,2015-12-03,"17:45","U","Wet/Damp",4,2,9,3,3,1,43
3,2015-12-03,"18:26","B","Wet/Damp",4,2,9,1,3,1,54
3,2015-12-03,"18:26","B","Wet/Damp",4,2,9,1,3,2,45
3,2015-12-05,"13:22","A","Wet/Damp",1,5,9,2,3,1,47
3,2015-12-05,"13:22","A","Wet/Damp",1,5,9,2,3,1,24
3,2015-12-05,"13:22","A","Wet/Damp",1,5,9,1,3,1,49
3,2015-12-05,"13:22","A","Wet/Damp",1,5,9,2,3,1,3
2,2015-12-06,"16:00","U","Dry",1,1,16,1,3,2,40
2,2015-12-08,"19:15","M","Wet/Damp",4,5,21,1,3,1,62
2,2015-12-09,"08:54","A","Dry",1,1,9,1,3,2,27
2,2015-12-09,"08:54","A","Dry",1,1,9,1,3,1,43
2,2015-12-09,"08:54","A","Dry",1,1,9,2,3,2,18
1,2015-12-10,"15:30","U","Dry",1,1,9,3,3,2,14
1,2015-12-10,"16:20","U","Wet/Damp",4,1,9,3,2,1,87
1,2015-12-10,"16:25","A","Wet/Damp",4,1,9,3,3,1,44
3,2015-12-16,"10:40","U","Wet/Damp",1,2,9,1,3,1,31
3,2015-12-16,"10:40","U","Wet/Damp",1,2,9,1,3,1,48
2,2015-12-13,"15:32","A","Wet/Damp",1,2,8,2,3,1,21
1,2015-12-15,"17:50","U","Wet/Damp",4,2,9,3,2,2,47
1,2015-12-16,"09:14","A","Wet/Damp",1,2,3,1,3,1,23
1,2015-12-16,"09:46","A","Wet/Damp",1,2,8,2,3,1,1
1,2015-12-17,"10:26","U","Dry",1,1,20,3,2,1,40
1,2015-12-18,"20:54","A","Dry",4,1,9,3,2,1,69
1,2015-12-18,"20:54","A","Dry",4,1,9,3,2,1,49
2,2015-12-21,"07:27","A","Wet/Damp",4,5,5,1,3,1,49
1,2015-12-21,"19:13","A","Wet/Damp",4,1,9,3,3,1,62
2,2015-12-22,"12:19","M","Wet/Damp",1,5,9,1,3,1,32
1,2015-12-22,"13:10","B","Wet/Damp",1,5,9,3,3,2,15
1,2015-12-23,"10:29","U","Dry",1,1,90,3,1,1,59
2,2015-12-23,"18:10","M","Wet/Damp",4,1,9,1,3,2,34
2,2015-12-24,"18:56","A","Wet/Damp",4,1,16,1,3,1,22
2,2015-12-26,"10:15","B","Wet/Damp",1,2,9,1,3,1,27
2,2015-12-26,"10:15","B","Wet/Damp",1,2,9,2,3,1,22
2,2015-12-26,"10:15","B","Wet/Damp",1,2,9,2,3,1,2
2,2015-12-26,"12:40","A","Dry",1,1,9,1,3,1,27
2,2015-12-26,"17:55","U","Wet/Damp",4,2,9,1,3,2,28
2,2015-12-26,"18:22","A","Wet/Damp",4,2,9,1,3,1,36
1,2015-12-29,"12:20","A","Dry",1,1,19,2,2,1,38
2,2015-12-29,"18:00","A","Wet/Damp",4,1,9,2,3,2,44
2,2015-12-31,"14:50","U","Wet/Damp",1,2,19,1,3,1,20
2,2015-12-31,"14:50","U","Wet/Damp",1,2,9,1,3,2,49
2,2015-12-31,"20:40","M","Wet/Damp",4,2,9,1,3,2,43
2,2015-12-31,"20:40","M","Wet/Damp",4,2,9,2,3,2,79
1,2014-01-28,"08:35","U","Wet/Damp",1,9,9,3,3,2,8
1,2014-01-28,"17:45","U","Wet/Damp",4,1,9,3,3,2,15
1,2014-01-28,"17:45","U","Wet/Damp",4,1,9,3,3,1,17
2,2014-01-30,"09:00","U","Wet/Damp",1,8,9,1,3,2,29
2,2014-01-30,"09:00","U","Wet/Damp",1,8,9,2,3,1,9
2,2014-01-30,"09:00","U","Wet/Damp",1,8,9,2,3,2,11
2,2014-01-30,"09:00","U","Wet/Damp",1,8,9,2,3,1,8
2,2014-01-30,"18:15","U","Wet/Damp",4,1,19,1,3,1,28
2,2014-01-30,"18:15","U","Wet/Damp",4,1,9,1,3,1,29
2,2014-01-30,"18:15","U","Wet/Damp",4,1,9,2,3,1,56
2,2014-01-30,"21:15","A","Wet/Damp",4,1,9,2,3,1,30
2,2014-01-30,"21:15","A","Wet/Damp",4,1,9,2,3,1,28
1,2014-02-01,"01:30","A","Dry",4,1,8,2,2,2,52
1,2014-02-01,"12:40","U","Dry",1,1,9,3,3,2,35
1,2014-02-05,"16:15","A","Wet/Damp",1,2,9,3,3,2,40
1,2014-02-05,"17:15","U","Wet/Damp",4,1,8,3,2,1,95
2,2014-02-06,"18:57","A","Wet/Damp",4,2,9,1,3,1,40
1,2014-02-06,"20:40","M","Wet/Damp",4,2,9,2,3,1,22
3,2014-02-07,"19:06","B","Wet/Damp",4,1,9,1,3,1,24
3,2014-02-07,"19:06","B","Wet/Damp",4,1,9,2,3,2,43
2,2014-02-07,"22:00","A","Dry",4,1,9,1,1,1,20
2,2014-02-07,"22:00","A","Dry",4,1,9,2,1,1,19
2,2014-02-07,"22:00","A","Dry",4,1,9,2,3,1,19
2,2014-02-08,"12:00","U","Wet/Damp",1,4,1,1,3,1,53
1,2014-02-09,"11:33","M","Wet/Damp",1,2,9,2,3,2,5
2,2014-02-10,"18:05","A","Wet/Damp",4,1,9,1,3,2,42
1,2014-02-11,"17:45","A","Wet/Damp",4,3,9,3,2,1,33
1,2014-02-13,"07:35","U","Wet/Damp",1,1,9,3,3,1,16
1,2014-02-13,"09:55","A","Dry",1,1,9,3,3,1,51
1,2014-02-04,"13:30","U","Dry",1,4,9,3,3,1,52
1,2014-02-14,"16:20","U","Wet/Damp",1,2,9,3,3,1,18
1,2014-02-15,"05:11","A","Wet/Damp",4,5,8,1,3,1,25
2,2014-02-16,"14:00","U","Dry",1,1,9,1,3,1,69
2,2014-02-16,"14:00","U","Dry",1,1,8,1,3,1,34
1,2014-02-16,"20:45","B","Dry",4,1,9,1,3,2,19
1,2014-02-16,"20:45","B","Dry",4,1,9,2,2,1,18
2,2014-02-16,"23:15","U","Dry",4,1,9,1,3,1,29
2,2014-02-16,"23:15","U","Dry",4,1,9,2,3,1,29
1,2014-02-17,"08:50","U","Dry",1,1,9,3,3,2,49
2,2014-02-17,"17:40","A","Wet/Damp",4,1,9,1,3,1,46
3,2014-02-17,"18:39","M","Dry",4,9,9,1,3,2,27
2,2014-02-18,"18:00","U","Dry",1,1,11,2,3,2,46
2,2014-02-19,"09:05","A","Wet/Damp",1,2,9,1,3,1,21
2,2014-02-19,"09:05","A","Wet/Damp",1,2,9,1,3,1,77
2,2014-02-19,"16:20","U","Dry",1,1,11,1,3,1,56
2,2014-02-21,"06:25","A","Frost/Ice",1,1,9,1,3,1,36
1,2014-02-21,"07:02","A","Frost/Ice",1,1,9,1,3,2,33
1,2014-02-21,"07:40","A","Frost/Ice",1,1,19,1,3,1,28
1,2014-02-22,"17:10","B","Dry",1,1,5,1,3,1,54
1,2014-02-22,"17:10","B","Dry",1,1,5,3,3,1,60
2,2014-02-23,"12:45","U","Wet/Damp",1,1,8,1,3,1,44
1,2014-02-23,"23:15","U","Dry",4,1,1,1,2,1,67
3,2014-02-24,"05:38","A","Dry",1,1,9,1,3,1,39
3,2014-02-24,"05:38","A","Dry",1,1,9,2,3,1,46
2,2014-02-25,"16:10","A","Wet/Damp",1,2,9,1,3,2,27
2,2014-02-28,"19:03","A","Dry",4,1,9,1,3,2,33
2,2014-02-28,"19:03","A","Dry",4,1,9,2,3,2,40
2,2014-02-28,"19:03","A","Dry",4,1,9,2,3,2,32
2,2014-02-28,"19:03","A","Dry",4,1,9,2,3,2,21
1,2014-03-01,"00:34","A","Dry",4,1,9,1,2,1,21
2,2014-03-01,"06:38","M","Wet/Damp",4,1,9,2,3,1,21
1,2014-03-03,"03:15","A","Wet/Damp",4,1,9,1,2,1,44
2,2014-03-03,"10:05","A","Wet/Damp",1,1,9,1,3,2,45
2,2014-03-03,"10:05","A","Wet/Damp",1,1,9,2,3,2,17
1,2014-03-03,"13:44","U","Dry",1,1,9,3,3,2,48
1,2014-03-03,"14:29","A","Dry",1,1,9,1,2,2,67
2,2014-03-05,"06:55","M","Dry",1,1,9,2,3,2,20
2,2014-03-05,"06:55","M","Dry",1,1,9,1,3,1,27
2,2014-03-05,"08:40","B","Wet/Damp",1,9,9,1,3,2,31
2,2014-03-05,"08:40","B","Wet/Damp",1,9,9,1,3,2,62
3,2014-03-06,"00:05","U","Dry",4,1,9,1,3,1,56
2,2014-03-06,"08:49","A","Dry",1,1,9,1,3,2,57
2,2014-03-06,"07:45","A","Wet/Damp",1,9,9,1,3,2,38
2,2014-03-07,"14:00","A","Dry",1,1,9,1,3,1,17
2,2014-03-07,"17:10","B","Dry",1,1,9,1,3,2,38
1,2014-03-08,"02:49","M","Dry",4,1,9,1,1,1,58
1,2014-03-10,"15:35","U","Dry",1,1,11,3,3,1,38
3,2014-03-11,"12:08","A","Dry",1,1,9,1,3,1,22
3,2014-03-11,"12:08","A","Dry",1,1,19,1,3,1,27
1,2014-03-11,"12:58","M","Dry",1,1,9,1,3,2,32
1,2014-03-11,"12:58","M","Dry",1,1,9,2,3,1,70
1,2014-03-11,"12:58","M","Dry",1,1,9,2,2,2,52
3,2014-03-11,"16:50","M","Dry",1,1,9,1,3,2,26
2,2014-03-16,"15:30","U","Dry",1,1,9,1,3,1,39
2,2014-03-16,"15:30","U","Dry",1,1,9,2,3,2,45
2,2014-03-16,"15:30","U","Dry",1,1,9,2,3,1,10
2,2014-03-16,"15:30","U","Dry",1,1,9,2,3,1,6
1,2014-03-16,"17:20","A","Dry",1,1,1,1,3,1,41
2,2014-03-17,"03:48","U","Dry",4,1,9,1,3,1,25
2,2014-03-17,"21:10","A","Dry",4,1,3,1,2,2,56
2,2014-03-18,"09:26","U","Wet/Damp",1,2,9,1,3,2,58
2,2014-03-18,"12:00","A","Wet/Damp",1,2,9,1,3,2,50
1,2014-03-20,"08:18","U","Dry",1,1,9,3,2,1,73
2,2014-03-21,"12:20","A","Dry",1,1,9,1,3,2,21
2,2014-03-22,"19:13","A","Wet/Damp",4,1,9,1,3,1,29
2,2014-03-23,"10:45","U","Dry",1,1,9,2,3,1,87
2,2014-03-23,"10:45","U","Dry",1,1,9,2,3,2,50
1,2014-03-23,"13:15","A","Dry",1,1,9,3,3,2,13
2,2014-03-24,"08:16","A","Dry",1,1,11,1,3,2,45
2,2014-03-24,"08:16","A","Dry",1,1,9,1,2,1,43
2,2014-03-24,"18:00","M","Dry",1,1,9,1,3,2,27
2,2014-03-25,"10:55","A","Wet/Damp",1,1,2,1,3,1,17
2,2014-03-26,"07:20","U","Dry",1,1,3,1,2,1,26
1,2014-02-22,"21:30","U","Dry",4,1,9,3,2,2,53
2,2014-03-28,"06:40","A","Flood",1,2,9,1,3,1,41
2,2014-03-28,"06:40","A","Flood",1,2,9,1,3,2,43
2,2014-03-28,"06:40","A","Flood",1,2,9,2,3,2,23
2,2014-03-28,"06:40","A","Flood",1,2,9,2,3,1,23
2,2014-03-28,"15:00","A","Dry",1,1,9,1,3,1,39
3,2014-03-29,"11:00","A","Dry",1,1,9,1,3,2,53
2,2014-01-01,"04:35","A","Wet/Damp",4,1,9,1,3,1,22
1,2014-01-02,"15:55","A","Dry",1,1,19,3,3,1,81
1,2014-01-03,"08:05","A","Wet/Damp",1,1,9,1,3,1,50
1,2014-01-03,"08:05","A","Wet/Damp",1,1,9,2,3,2,40
2,2014-01-02,"13:20","U","Wet/Damp",1,1,3,1,3,1,18
1,2014-01-04,"16:30","U","Dry",1,1,9,3,3,1,6
2,2014-01-05,"16:10","U","Wet/Damp",4,2,3,1,3,1,17
2,2014-01-05,"22:30","U","Wet/Damp",4,2,8,1,3,1,39
2,2014-01-09,"01:58","A","Dry",1,1,19,2,3,1,26
2,2014-01-08,"15:10","A","Dry",1,1,11,2,3,1,42
3,2014-01-09,"18:40","A","Dry",1,1,3,1,2,1,27
2,2014-01-11,"10:50","A","Dry",1,1,9,1,3,2,22
2,2014-01-13,"08:45","A","Wet/Damp",1,1,9,2,3,1,9
2,2014-01-14,"13:50","A","Wet/Damp",1,1,1,1,3,1,NA
2,2014-01-14,"22:01","A","Wet/Damp",4,2,9,1,3,1,73
2,2014-01-14,"22:01","A","Wet/Damp",4,2,9,1,3,1,32
2,2014-01-14,"22:01","A","Wet/Damp",4,2,9,2,3,2,76
2,2014-01-14,"19:05","M","Dry",4,1,9,1,3,1,24
2,2014-01-14,"19:05","M","Dry",4,1,9,1,3,2,58
4,2014-01-15,"17:05","M","Dry",4,1,9,1,3,2,43
4,2014-01-15,"17:05","M","Dry",4,1,9,1,3,1,28
4,2014-01-15,"17:05","M","Dry",4,1,9,1,2,1,59
4,2014-01-15,"17:05","M","Dry",4,1,9,1,3,1,27
4,2014-01-15,"17:05","M","Dry",4,1,9,2,3,1,50
2,2014-01-16,"06:55","A","Wet/Damp",4,1,9,1,3,2,34
2,2014-01-16,"06:55","A","Wet/Damp",4,1,9,2,3,1,33
1,2014-01-16,"17:30","A","Wet/Damp",4,1,9,3,3,1,12
2,2014-01-17,"12:05","U","Wet/Damp",1,1,9,1,3,1,20
2,2014-01-19,"13:00","A","Dry",1,1,1,1,3,1,22
2,2014-01-19,"16:05","A","Wet/Damp",1,1,1,1,3,1,27
2,2014-01-19,"21:05","U","Wet/Damp",4,1,9,1,3,1,44
3,2014-01-20,"11:10","A","Dry",1,1,9,1,3,1,87
3,2014-01-20,"11:10","A","Dry",1,1,9,1,3,2,46
3,2014-01-20,"11:10","A","Dry",1,1,9,1,3,2,71
2,2014-01-20,"21:00","A","Wet/Damp",4,1,9,2,3,2,41
2,2014-01-20,"21:00","A","Wet/Damp",4,1,9,1,3,1,37
3,2014-01-24,"18:06","A","Wet/Damp",1,2,9,1,3,1,32
3,2014-01-24,"18:06","A","Wet/Damp",1,2,9,2,3,1,33
3,2014-01-24,"18:06","A","Wet/Damp",1,2,9,2,3,1,27
2,2014-01-23,"16:45","B","Snow",1,3,9,2,3,2,69
2,2014-01-23,"16:45","B","Snow",1,3,9,1,3,1,71
2,2014-01-25,"17:15","U","Wet/Damp",4,5,9,1,3,1,63
2,2014-04-01,"17:15","A","Dry",1,1,9,1,3,2,42
1,2014-04-01,"20:47","U","Dry",4,1,9,3,2,1,18
1,2014-04-03,"13:00","A","Dry",1,1,11,2,3,2,84
1,2014-04-04,"03:23","A","Wet/Damp",4,1,9,1,2,1,17
1,2014-04-04,"03:23","A","Wet/Damp",4,1,9,2,1,1,18
1,2014-04-04,"15:25","U","Dry",1,1,9,3,3,2,77
2,2014-04-07,"13:13","A","Dry",1,1,20,1,3,1,61
2,2014-04-05,"11:55","A","Dry",1,1,1,1,2,1,44
2,2014-04-07,"14:50","A","Wet/Damp",1,2,9,1,3,1,28
2,2014-04-07,"18:16","M","Dry",1,4,9,1,3,2,40
2,2014-04-07,"18:16","M","Dry",1,4,9,2,3,2,28
2,2014-04-07,"18:16","M","Dry",1,4,9,1,3,1,17
2,2014-04-08,"11:28","A","Wet/Damp",1,1,9,1,3,2,61
2,2014-02-08,"11:30","A","Dry",1,1,9,1,3,2,48
1,2014-04-08,"13:05","B","Wet/Damp",1,1,9,3,2,1,81
2,2014-04-08,"17:08","U","Dry",1,1,3,1,3,1,24
2,2014-04-09,"17:10","A","Dry",1,1,2,1,3,1,18
2,2014-04-10,"04:55","A","Dry",4,1,9,1,3,1,54
2,2014-04-10,"04:55","A","Dry",4,1,9,2,3,1,20
1,2014-04-10,"15:45","U","Dry",1,1,9,3,3,1,15
2,2014-04-11,"09:08","U","Dry",1,1,9,1,3,1,20
2,2014-04-11,"09:08","U","Dry",1,1,9,1,3,2,36
1,2014-04-11,"21:20","A","Dry",4,1,1,1,3,2,44
1,2014-04-12,"10:50","A","Dry",1,4,5,1,2,1,40
2,2014-04-14,"13:00","U","Dry",1,1,9,1,3,1,24
2,2014-04-16,"09:13","U","Dry",1,1,9,1,3,2,47
2,2014-04-17,"08:45","A","Dry",1,1,5,1,3,1,22
1,2014-04-17,"12:30","U","Dry",1,1,9,3,3,1,10
2,2014-04-18,"01:00","U","Dry",4,1,9,1,3,1,51
2,2014-04-18,"01:00","U","Dry",4,1,9,2,3,1,20
2,2014-04-18,"01:00","U","Dry",4,1,9,2,3,1,21
2,2014-04-18,"01:00","U","Dry",4,1,9,2,3,1,27
2,2014-04-18,"01:00","U","Dry",4,1,9,2,3,1,18
3,2014-04-18,"12:55","A","Dry",1,1,5,1,2,1,24
2,2014-04-18,"21:15","U","Dry",4,1,1,1,3,1,16
3,2014-04-19,"17:55","U","Dry",1,1,9,1,3,1,18
3,2014-04-19,"17:55","U","Dry",1,1,9,2,3,1,24
3,2014-04-19,"17:55","U","Dry",1,1,9,1,3,1,28
2,2014-04-21,"12:45","A","Dry",1,1,5,1,2,1,56
2,2014-04-21,"12:45","A","Dry",1,1,5,2,3,2,47
2,2014-05-02,"18:05","U","Dry",1,1,9,2,2,2,23
2,2014-05-02,"18:45","U","Dry",1,1,1,1,3,1,26
2,2014-05-03,"15:25","U","Dry",1,1,1,1,3,2,7
2,2014-05-03,"15:30","B","Dry",1,1,9,1,2,2,78
2,2014-05-03,"15:30","B","Dry",1,1,9,2,3,1,17
2,2014-05-03,"15:30","B","Dry",1,1,9,1,3,1,18
1,2014-05-03,"20:03","U","Dry",1,1,9,3,3,2,10
1,2014-05-03,"20:03","U","Dry",1,1,9,3,3,2,6
1,2014-05-03,"20:03","U","Dry",1,1,9,3,3,2,29
1,2014-05-03,"22:35","U","Dry",4,1,9,3,3,1,40
1,2014-05-04,"09:30","M","Dry",1,1,9,1,3,1,30
3,2014-05-04,"17:00","U","Dry",1,1,5,1,3,1,52
1,2014-05-05,"21:20","A","Wet/Damp",4,2,9,1,3,1,25
1,2014-05-05,"21:20","A","Wet/Damp",4,2,9,2,3,1,33
2,2014-05-07,"07:55","U","Dry",1,1,9,1,3,1,40
2,2014-05-07,"07:55","U","Dry",1,1,9,1,3,2,22
2,2014-05-07,"07:55","U","Dry",1,1,9,2,3,1,22
2,2014-05-07,"12:45","U","Dry",1,1,9,1,3,1,43
2,2014-05-09,"07:31","B","Dry",1,1,9,1,3,1,27
2,2014-05-09,"07:31","B","Dry",1,1,11,2,3,1,30
2,2014-05-09,"07:31","B","Dry",1,1,9,2,3,2,30
1,2014-05-09,"08:24","A","Wet/Damp",1,2,9,3,2,1,NA
2,2014-05-09,"08:55","M","Wet/Damp",1,2,9,1,3,2,27
2,2014-05-09,"08:55","M","Wet/Damp",1,2,9,2,3,2,39
2,2014-05-09,"09:01","B","Wet/Damp",1,2,9,1,3,2,55
2,2014-05-09,"09:01","B","Wet/Damp",1,2,9,2,3,2,45
1,2014-05-10,"07:15","A","Wet/Damp",1,1,2,1,2,2,36
2,2014-05-11,"14:10","U","Wet/Damp",1,1,9,1,3,1,38
2,2014-05-11,"14:10","U","Wet/Damp",1,1,9,2,3,2,37
2,2014-05-11,"18:20","A","Wet/Damp",1,1,9,2,3,2,24
2,2014-05-11,"18:20","A","Wet/Damp",1,1,9,1,3,1,26
2,2014-05-12,"10:55","U","Dry",1,1,9,2,3,2,67
2,2014-05-12,"10:55","U","Dry",1,1,9,1,3,1,70
2,2014-05-08,"16:55","A","Dry",1,1,1,1,3,1,42
1,2014-05-14,"17:10","U","Dry",1,1,9,3,3,2,11
4,2014-05-15,"04:30","A","Dry",1,1,1,1,3,1,70
2,2014-05-16,"06:53","M","Dry",1,1,9,1,3,2,23
2,2014-05-17,"11:35","U","Dry",1,1,9,2,3,1,32
2,2014-05-17,"11:35","U","Dry",1,1,9,1,3,2,54
3,2014-05-17,"17:28","A","Dry",1,1,9,1,3,2,53
2,2014-05-18,"11:48","U","Dry",1,1,1,1,2,2,11
2,2014-05-18,"13:30","U","Dry",1,1,5,1,3,1,49
1,2014-05-19,"08:25","U","Dry",1,1,9,3,3,2,26
3,2014-05-19,"10:45","A","Dry",1,1,9,1,3,1,33
2,2014-05-19,"14:55","U","Dry",1,1,3,1,3,1,57
2,2014-05-19,"16:35","A","Dry",1,1,9,2,3,1,48
2,2014-05-19,"19:00","U","Dry",1,1,8,2,3,2,19
2,2014-05-19,"19:00","U","Dry",1,1,1,1,3,1,38
1,2014-05-20,"10:27","U","Dry",1,1,8,3,3,1,61
2,2014-05-21,"13:40","U","Dry",1,1,9,1,3,1,82
2,2014-05-21,"13:40","U","Dry",1,1,9,2,3,2,78
2,2014-05-22,"09:10","U","Wet/Damp",1,5,9,2,3,1,11
2,2014-05-22,"09:10","U","Wet/Damp",1,5,9,1,3,2,42
3,2014-05-24,"14:13","A","Wet/Damp",1,2,9,2,3,2,17
3,2014-05-24,"14:13","A","Wet/Damp",1,2,9,2,3,2,13
3,2014-05-24,"14:13","A","Wet/Damp",1,2,9,1,3,1,46
1,2014-05-25,"16:10","A","Dry",1,1,5,3,3,1,16
4,2014-05-26,"22:05","U","Wet/Damp",4,1,9,2,3,1,15
4,2014-05-26,"22:05","U","Wet/Damp",4,1,9,1,2,1,33
4,2014-05-26,"22:05","U","Wet/Damp",4,1,9,2,3,1,33
2,2014-05-28,"07:12","A","Wet/Damp",1,2,9,1,3,1,19
2,2014-05-28,"07:12","A","Wet/Damp",1,2,11,1,3,1,55
2,2014-05-28,"07:12","A","Wet/Damp",1,2,11,2,3,2,27
2,2014-05-28,"10:14","A","Wet/Damp",1,2,2,1,3,1,25
3,2014-05-29,"16:00","B","Wet/Damp",1,1,9,1,3,2,69
2,2014-05-31,"13:35","U","Dry",1,1,9,1,3,1,27
1,2014-06-01,"10:15","B","Dry",1,1,9,1,3,1,76
1,2014-06-01,"10:15","B","Dry",1,1,9,2,2,2,68
2,2014-06-01,"11:30","A","Dry",1,1,5,1,3,1,49
2,2014-06-01,"14:35","U","Dry",1,1,2,1,3,1,16
1,2014-06-01,"14:51","M","Dry",1,1,9,1,3,1,24
1,2014-06-01,"14:51","M","Dry",1,1,9,2,3,1,38
1,2014-06-01,"14:51","M","Dry",1,1,9,2,3,2,11
1,2014-06-01,"14:51","M","Dry",1,1,9,2,3,2,9
1,2014-06-01,"14:51","M","Dry",1,1,9,2,3,2,12
2,2014-06-01,"19:00","A","Dry",1,1,9,1,3,2,58
1,2014-06-02,"09:31","U","Dry",1,1,9,3,2,1,41
1,2014-06-03,"09:00","A","Dry",1,1,9,3,3,2,60
3,2014-06-03,"15:50","A","Dry",1,1,9,1,3,2,47
2,2014-06-04,"16:29","A","Wet/Damp",1,1,9,1,3,1,49
2,2014-06-08,"16:50","A","Dry",1,1,9,1,3,1,55
2,2014-06-08,"16:50","A","Dry",1,1,9,2,3,2,98
1,2014-06-11,"23:05","M","Dry",4,1,9,1,2,1,27
1,2014-06-13,"01:10","A","Dry",4,1,9,2,2,1,18
1,2014-06-13,"01:10","A","Dry",4,1,9,1,1,1,21
1,2014-06-13,"01:10","A","Dry",4,1,9,2,2,1,24
2,2014-06-14,"12:58","A","Dry",1,1,9,3,2,1,32
1,2014-06-14,"18:12","A","Dry",1,1,9,2,3,1,17
1,2014-06-14,"18:12","A","Dry",1,1,9,1,3,1,17
2,2014-06-15,"07:00","A","Dry",1,1,9,2,3,2,87
1,2014-06-16,"19:46","U","Dry",1,1,9,3,2,2,8
3,2014-06-16,"08:05","M","Dry",1,1,9,1,3,2,43
3,2014-06-16,"08:05","M","Dry",1,1,9,2,3,2,22
3,2014-06-16,"08:05","M","Dry",1,1,9,2,3,1,23
3,2014-06-16,"08:05","M","Dry",1,1,19,1,3,1,23
1,2014-06-17,"17:31","U","Dry",1,1,9,3,2,2,57
2,2014-06-17,"17:55","A","Dry",1,1,1,1,3,1,32
3,2014-06-18,"16:10","U","Dry",1,1,9,1,3,1,20
1,2014-06-18,"16:32","A","Dry",1,1,9,3,3,1,44
2,2014-06-18,"18:14","B","Dry",1,1,9,1,2,2,18
2,2014-06-18,"18:14","B","Dry",1,1,9,1,3,1,23
2,2014-06-18,"18:14","B","Dry",1,1,9,2,3,2,22
2,2014-06-20,"12:00","A","Dry",1,1,9,1,2,1,37
1,2014-06-20,"15:30","A","Dry",1,1,1,1,2,1,54
2,2014-06-22,"10:00","A","Dry",1,1,1,1,3,1,33
2,2014-06-23,"16:23","A","Dry",1,1,5,1,3,1,40
2,2014-06-24,"22:10","A","Dry",4,1,9,1,3,2,28
2,2014-06-24,"22:10","A","Dry",4,1,9,1,3,1,18
2,2014-06-25,"08:38","A","Dry",1,1,9,1,3,2,67
1,2014-06-25,"12:08","A","Dry",1,1,9,3,2,2,84
2,2014-06-25,"12:40","A","Dry",1,1,5,1,2,1,54
2,2014-06-28,"09:50","A","Dry",1,1,1,1,3,1,55
2,2014-06-28,"08:30","A","Wet/Damp",1,2,9,2,3,2,37
2,2014-06-29,"14:37","B","Dry",1,1,2,1,3,1,17
1,2014-06-30,"13:05","U","Dry",1,1,9,3,2,2,63
2,2014-07-02,"17:45","U","Dry",1,1,9,1,3,2,36
2,2014-07-03,"17:00","U","Dry",1,1,9,2,3,2,37
2,2014-07-03,"17:00","U","Dry",1,1,9,2,3,2,45
2,2014-07-03,"17:00","U","Dry",1,1,9,1,3,1,51
1,2014-07-03,"20:10","U","Dry",1,1,9,3,3,2,16
2,2014-07-03,"23:16","U","Dry",1,1,9,1,3,1,22
2,2014-07-03,"23:16","U","Dry",1,1,9,2,3,1,28
3,2014-07-04,"16:15","M","Wet/Damp",1,2,9,2,2,2,51
3,2014-07-04,"16:15","M","Wet/Damp",1,2,9,1,2,1,42
3,2014-07-04,"16:15","M","Wet/Damp",1,2,9,2,3,2,30
3,2014-07-04,"16:15","M","Wet/Damp",1,2,9,2,3,1,5
3,2014-07-04,"16:15","M","Wet/Damp",1,2,9,2,3,1,3
1,2014-07-04,"20:00","A","Wet/Damp",1,2,9,1,3,2,26
2,2014-07-06,"07:50","A","Dry",1,1,1,1,3,1,36
1,2014-07-06,"14:30","U","Dry",1,1,1,1,2,1,66
1,2014-07-06,"18:00","U","Dry",1,1,9,3,3,2,35
1,2014-07-06,"21:25","A","Dry",1,1,1,1,3,1,44
2,2014-07-07,"18:05","A","Dry",1,1,9,1,3,1,59
1,2014-07-08,"16:40","U","Dry",1,1,9,3,2,1,17
1,2014-07-09,"15:00","A","Dry",1,1,9,3,3,1,14
2,2014-07-10,"09:45","A","Dry",1,1,9,2,3,2,83
2,2014-07-16,"07:38","A","Dry",1,1,1,1,2,2,51
1,2014-07-18,"03:52","M","Dry",4,1,9,2,3,2,40
1,2014-07-18,"03:52","M","Dry",4,1,9,1,2,2,46
5,2014-07-18,"21:20","A","Dry",1,1,9,1,3,1,24
1,2014-07-19,"13:30","A","Wet/Damp",1,2,1,1,3,1,23
1,2014-07-19,"17:15","U","Wet/Damp",1,1,9,3,3,1,51
2,2014-07-19,"19:05","U","Dry",1,1,9,1,3,2,58
1,2014-07-19,"19:15","U","Dry",1,1,11,3,2,1,8
1,2014-07-19,"20:00","A","Wet/Damp",1,1,9,1,3,1,27
2,2014-07-20,"17:15","U","Dry",1,1,9,3,3,1,3
2,2014-07-22,"22:45","A","Dry",1,1,9,3,3,1,49
2,2014-07-22,"22:45","A","Dry",1,1,9,1,3,2,63
3,2014-07-22,"16:15","A","Dry",1,1,9,1,3,1,47
3,2014-07-22,"16:15","A","Dry",1,1,9,1,3,1,19
3,2014-07-22,"16:15","A","Dry",1,1,9,2,3,2,19
1,2014-07-23,"19:42","A","Dry",1,1,9,1,3,2,70
1,2014-07-23,"15:00","U","Dry",1,1,9,3,3,1,13
1,2014-07-26,"11:00","A","Dry",1,1,20,3,3,1,89
2,2014-07-26,"09:30","U","Dry",1,1,9,1,3,1,29
2,2014-07-26,"09:30","U","Dry",1,1,9,2,3,1,29
2,2014-07-27,"15:05","A","Dry",1,1,1,1,3,1,41
2,2014-07-28,"07:30","U","Dry",1,1,19,1,3,1,29
2,2014-07-29,"18:00","U","Dry",1,1,9,1,3,1,69
2,2014-07-30,"19:13","U","Dry",1,1,1,1,3,1,46
1,2014-08-02,"14:14","B","Wet/Damp",1,1,5,1,3,1,44
1,2014-08-02,"14:14","B","Wet/Damp",1,1,5,2,3,2,43
1,2014-08-02,"14:53","A","Dry",1,1,9,1,3,1,37
1,2014-08-02,"14:53","A","Dry",1,1,9,2,3,2,34
1,2014-08-03,"17:40","U","Dry",1,1,9,3,3,1,8
3,2014-08-03,"18:23","A","Dry",1,1,1,1,2,2,28
2,2014-08-06,"10:50","A","Wet/Damp",1,2,9,2,3,1,6
2,2014-08-06,"17:25","A","Dry",1,1,1,1,3,1,47
1,2014-08-06,"19:51","U","Dry",1,1,9,3,2,1,4
1,2014-08-07,"04:15","A","Dry",4,1,9,3,3,1,15
2,2014-08-08,"21:36","U","Dry",4,1,2,1,3,1,17
1,2014-08-09,"12:30","A","Dry",1,1,9,3,3,2,1
1,2014-08-09,"20:50","U","Dry",1,1,9,1,3,1,31
1,2014-08-09,"20:50","U","Dry",1,1,9,2,2,2,30
2,2014-08-09,"22:50","A","Dry",4,1,8,2,3,2,15
2,2014-08-09,"22:50","A","Dry",4,1,3,1,2,1,46
2,2014-08-09,"22:50","A","Dry",4,1,8,2,3,2,16
2,2014-08-10,"11:30","A","Wet/Damp",1,1,9,1,3,2,41
2,2014-08-11,"11:00","U","Dry",1,1,9,1,3,2,54
2,2014-08-11,"16:05","U","Dry",1,1,1,1,3,1,15
1,2014-08-11,"22:08","B","Wet/Damp",4,2,2,1,2,1,60
2,2014-08-12,"21:58","U","Wet/Damp",4,1,9,1,3,1,21
2,2014-08-12,"21:58","U","Wet/Damp",4,1,9,2,3,1,30
2,2014-08-12,"21:58","U","Wet/Damp",4,1,9,1,3,1,25
2,2014-08-15,"16:07","A","Dry",1,1,9,1,3,1,38
2,2014-08-15,"16:07","A","Dry",1,1,9,2,3,1,15
3,2014-08-16,"13:15","B","Dry",1,1,19,1,3,1,48
2,2014-08-17,"12:00","A","Dry",1,1,1,1,3,1,82
2,2014-08-15,"12:00","U","Wet/Damp",1,2,90,1,3,1,51
2,2014-08-19,"07:00","A","Dry",1,1,9,1,3,1,39
2,2014-08-22,"11:05","U","Dry",1,1,9,1,3,2,26
2,2014-08-22,"15:15","A","Wet/Damp",1,2,1,1,3,1,49
2,2014-08-22,"08:00","A","Dry",1,1,3,1,3,1,31
2,2014-08-24,"18:05","A","Dry",1,1,1,1,2,1,39
1,2014-08-25,"07:35","A","Wet/Damp",1,2,9,1,2,1,34
1,2014-08-26,"13:30","B","Dry",1,1,9,3,3,2,33
2,2014-08-27,"12:29","U","Dry",1,1,9,2,3,2,25
1,2014-08-28,"08:00","A","Dry",1,2,9,1,3,2,29
1,2014-08-28,"08:00","A","Dry",1,2,9,2,3,2,24
2,2014-08-31,"17:40","U","Dry",1,1,9,2,3,2,21
2,2014-08-31,"17:40","U","Dry",1,1,9,2,3,2,13
2,2014-09-01,"21:00","U","Dry",4,1,9,1,3,2,25
2,2014-09-02,"10:00","U","Dry",1,1,19,1,3,2,53
1,2014-09-03,"11:30","U","Dry",1,1,9,1,3,1,54
2,2014-09-04,"20:52","U","Dry",4,1,9,1,3,2,42
1,2014-09-05,"04:15","A","Dry",4,1,9,3,3,1,19
3,2014-09-08,"14:05","U","Dry",1,1,90,1,3,2,66
1,2014-09-08,"08:40","U","Dry",1,1,9,3,3,2,53
2,2014-09-08,"16:10","A","Dry",1,1,9,1,3,2,55
2,2014-09-08,"19:24","U","Dry",1,1,1,1,2,1,45
3,2014-09-09,"08:20","U","Dry",1,1,9,2,3,1,6
1,2014-09-10,"15:37","A","Dry",1,1,9,3,3,1,10
2,2014-09-11,"15:35","U","Dry",1,1,9,2,3,2,12
2,2014-09-11,"15:35","U","Dry",1,1,9,2,3,2,11
3,2014-09-11,"23:50","U","Dry",4,1,9,1,3,1,25
2,2014-09-12,"08:20","A","Dry",1,1,9,2,3,2,38
2,2014-09-14,"03:08","U","Dry",4,1,8,2,3,1,43
2,2014-09-14,"03:08","U","Dry",4,1,8,2,2,2,40
2,2014-09-14,"03:08","U","Dry",4,1,8,1,2,1,54
3,2014-09-14,"19:40","U","Dry",4,1,9,3,3,1,78
1,2014-09-15,"09:48","A","Wet/Damp",1,1,9,1,3,1,24
1,2014-09-16,"09:27","A","Dry",1,1,11,3,2,2,45
2,2014-09-16,"19:34","U","Dry",1,1,9,1,3,2,40
2,2014-09-16,"19:34","U","Dry",1,1,9,2,3,2,9
1,2014-09-18,"09:10","U","Dry",1,1,9,3,3,1,36
2,2014-09-19,"21:10","A","Wet/Damp",4,3,3,1,2,1,26
2,2014-09-21,"09:59","A","Dry",1,1,1,1,3,1,54
1,2014-09-23,"16:50","U","Dry",1,1,9,2,3,1,6
2,2014-09-24,"18:00","B","Dry",1,1,1,1,3,1,21
2,2014-09-26,"14:00","U","Dry",1,1,9,2,3,1,52
2,2014-09-26,"14:00","U","Dry",1,1,9,1,2,1,79
2,2014-09-26,"14:00","U","Dry",1,1,9,2,2,2,78
2,2014-09-26,"14:00","U","Dry",1,1,9,1,3,1,51
2,2014-09-26,"15:35","U","Dry",1,1,9,3,3,1,11
2,2014-09-26,"15:45","A","Dry",1,1,9,1,3,2,29
1,2014-09-26,"17:10","U","Dry",1,1,9,3,2,1,2
2,2014-09-28,"20:12","A","Dry",4,1,9,1,3,1,66
2,2014-09-29,"06:29","U","Dry",4,1,1,1,2,1,48
7,2014-09-30,"13:46","M","Dry",1,1,9,2,3,1,60
7,2014-09-30,"13:46","M","Dry",1,1,9,1,3,1,28
7,2014-09-30,"13:46","M","Dry",1,1,9,1,3,1,20
7,2014-09-30,"13:46","M","Dry",1,1,9,1,3,1,64
7,2014-09-30,"13:46","M","Dry",1,1,21,1,3,1,42
7,2014-09-30,"13:46","M","Dry",1,1,9,1,3,1,39
7,2014-09-30,"13:46","M","Dry",1,1,9,1,3,1,19
7,2014-09-30,"13:46","M","Dry",1,1,9,2,3,1,24
7,2014-09-30,"13:46","M","Dry",1,1,9,2,3,1,41
7,2014-09-30,"13:46","M","Dry",1,1,9,2,3,1,17
1,2014-10-04,"12:05","U","Wet/Damp",1,1,9,3,3,2,57
2,2014-09-30,"14:13","A","Dry",1,1,1,1,3,1,35
2,2014-09-30,"18:05","A","Dry",1,1,1,1,2,1,57
2,2014-10-01,"12:14","A","Dry",1,1,19,1,2,1,43
2,2014-10-02,"07:20","A","Dry",1,1,5,2,3,1,25
2,2014-10-02,"07:20","A","Dry",1,1,5,1,2,1,22
2,2014-10-02,"08:38","U","Dry",1,1,1,1,3,1,12
1,2014-10-03,"08:10","U","Dry",1,1,9,3,3,1,43
1,2014-10-06,"15:25","U","Wet/Damp",1,2,9,3,3,2,10
3,2014-10-07,"07:07","U","Wet/Damp",1,7,9,1,3,1,17
3,2014-10-07,"07:07","U","Wet/Damp",1,7,9,1,3,2,62
2,2014-10-07,"07:07","A","Wet/Damp",1,7,4,1,3,1,41
2,2014-10-07,"16:40","U","Wet/Damp",1,2,9,1,3,2,43
3,2014-10-09,"23:35","A","Wet/Damp",1,2,9,1,3,1,63
1,2014-10-09,"18:05","U","Dry",1,1,9,3,3,1,6
1,2014-10-09,"21:00","A","Wet/Damp",6,5,9,1,3,1,41
2,2014-10-10,"09:10","U","Dry",1,1,9,1,3,2,32
2,2014-10-11,"23:45","U","Wet/Damp",4,1,9,2,3,2,30
1,2014-10-14,"08:20","A","Dry",1,1,11,3,2,2,12
1,2014-10-14,"16:50","U","Wet/Damp",1,1,9,3,3,2,11
2,2014-10-16,"06:40","B","Wet/Damp",4,1,9,1,3,1,41
1,2014-10-17,"08:55","B","Dry",1,1,9,3,3,1,33
2,2014-10-17,"11:12","A","Dry",1,1,5,1,3,1,21
2,2014-10-17,"16:12","U","Dry",1,1,9,1,3,1,23
1,2014-10-18,"02:43","A","Wet/Damp",4,2,9,2,3,2,14
1,2014-10-18,"02:43","A","Wet/Damp",4,2,9,2,3,2,16
1,2014-10-18,"17:50","U","Dry",1,1,9,3,2,2,4
1,2014-10-18,"18:04","A","Dry",4,1,9,3,2,2,8
2,2014-10-19,"12:45","A","Dry",1,1,1,1,3,1,23
1,2014-10-20,"07:02","A","Wet/Damp",1,1,9,1,3,2,21
2,2014-10-21,"16:23","U","Wet/Damp",1,5,3,1,3,1,18
2,2014-10-22,"15:00","U","Dry",1,1,9,1,3,1,27
3,2014-10-23,"19:35","U","Wet/Damp",4,1,9,3,1,1,63
2,2014-10-23,"21:50","A","Dry",7,1,1,1,3,1,25
2,2014-10-24,"18:50","U","Dry",4,1,9,1,3,1,33
2,2014-10-24,"20:20","A","Wet/Damp",4,1,9,1,3,2,49
2,2014-10-24,"20:20","A","Wet/Damp",4,1,9,2,3,2,62
2,2014-10-25,"22:55","A","Dry",4,1,9,1,3,2,56
2,2014-10-25,"22:55","A","Dry",4,1,9,1,3,1,23
1,2014-10-26,"04:54","U","Wet/Damp",4,1,9,1,2,1,22
2,2014-10-27,"21:40","A","Dry",4,1,2,1,2,1,17
2,2014-10-29,"20:02","A","Wet/Damp",4,1,9,1,3,1,31
2,2014-10-29,"20:02","A","Wet/Damp",4,1,9,2,3,1,41
2,2014-10-29,"20:02","A","Wet/Damp",4,1,9,2,3,1,34
2,2014-10-29,"20:02","A","Wet/Damp",4,1,9,1,3,1,72
2,2014-11-02,"14:00","A","Dry",1,1,1,1,3,1,49
1,2014-11-03,"07:25","U","Wet/Damp",1,1,19,2,2,1,53
1,2014-11-03,"07:25","U","Wet/Damp",1,1,19,2,3,1,25
1,2014-11-03,"07:25","U","Wet/Damp",1,1,19,1,3,1,48
1,2014-11-03,"15:30","A","Dry",1,1,9,3,3,2,57
2,2014-11-03,"07:00","M","Dry",1,1,9,1,3,1,19
2,2014-11-03,"23:15","A","Wet/Damp",7,1,9,2,3,2,21
2,2014-11-04,"13:45","U","Dry",1,1,9,1,3,2,37
2,2014-11-04,"10:31","A","Dry",1,1,9,2,3,2,60
2,2014-11-04,"17:30","A","Dry",4,1,3,1,3,1,18
1,2014-11-05,"11:15","A","Dry",1,1,9,1,2,2,21
1,2014-11-05,"11:15","A","Dry",1,1,9,2,3,1,22
1,2014-11-05,"17:45","A","Dry",4,1,1,1,3,1,40
2,2014-11-05,"21:00","U","Dry",1,1,2,1,3,2,33
1,2014-11-06,"15:40","U","Dry",1,1,9,3,3,2,11
2,2014-11-07,"08:00","U","Wet/Damp",1,2,9,1,3,1,19
2,2014-11-07,"08:00","U","Wet/Damp",1,2,9,1,3,1,58
2,2014-11-07,"08:00","U","Wet/Damp",1,2,9,2,3,1,14
2,2014-11-07,"20:40","U","Wet/Damp",4,1,9,1,3,2,37
2,2014-11-08,"14:30","U","Wet/Damp",1,1,2,1,3,1,18
1,2014-10-07,"13:35","U","Dry",1,1,9,3,3,1,67
1,2014-11-09,"17:40","U","Dry",4,1,9,3,3,1,46
2,2014-11-09,"18:40","A","Wet/Damp",4,1,9,2,3,1,7
2,2014-11-09,"18:40","A","Wet/Damp",4,1,9,2,3,2,21
2,2014-11-09,"18:40","A","Wet/Damp",4,1,9,2,3,2,2
2,2014-11-09,"18:40","A","Wet/Damp",4,1,9,2,3,2,32
2,2014-11-09,"18:40","A","Wet/Damp",4,1,9,1,3,1,42
2,2014-11-09,"18:40","A","Wet/Damp",4,1,9,2,3,2,20
2,2014-11-09,"18:40","A","Wet/Damp",4,1,9,2,2,1,11
2,2014-11-10,"13:00","A","Dry",1,1,9,1,3,2,43
2,2014-11-10,"16:40","A","Wet/Damp",4,2,9,1,3,2,31
2,2014-11-11,"18:40","U","Dry",1,1,9,1,3,1,48
2,2014-11-11,"18:40","U","Dry",1,1,9,2,3,1,17
2,2014-11-13,"07:30","A","Wet/Damp",1,1,5,1,3,2,43
2,2014-11-13,"16:30","U","Dry",1,1,1,1,3,1,27
2,2014-11-14,"17:00","M","Wet/Damp",7,1,9,1,3,2,22
2,2014-11-17,"12:05","A","Dry",1,1,9,2,3,2,36
2,2014-11-17,"12:05","A","Dry",1,1,9,1,3,1,78
2,2014-11-17,"13:09","U","Dry",1,1,9,1,3,1,77
2,2014-11-17,"13:09","U","Dry",1,1,9,2,3,2,70
4,2014-11-17,"17:45","A","Wet/Damp",4,1,9,1,3,1,21
1,2014-11-18,"14:45","U","Wet/Damp",1,1,9,1,3,2,30
2,2014-11-19,"07:00","U","Wet/Damp",4,1,8,2,3,1,28
2,2014-11-19,"07:00","U","Wet/Damp",4,1,9,2,3,2,24
2,2014-11-19,"07:00","U","Wet/Damp",4,1,8,2,3,2,26
2,2014-11-19,"07:40","U","Wet/Damp",1,2,3,1,2,1,18
2,2014-11-21,"13:39","U","Dry",1,1,9,1,3,1,34
2,2014-11-21,"17:50","A","Wet/Damp",4,2,5,1,3,1,22
1,2014-11-23,"06:40","A","Wet/Damp",6,1,9,2,3,1,19
1,2014-11-23,"06:40","A","Wet/Damp",6,1,9,1,3,1,18
2,2014-11-23,"14:04","U","Dry",1,1,9,1,2,1,20
1,2014-11-24,"15:30","A","Dry",1,1,9,3,3,1,30
2,2014-11-24,"16:55","U","Wet/Damp",4,9,4,1,3,1,34
2,2014-11-25,"16:30","A","Dry",4,1,9,1,3,2,20
2,2014-11-25,"16:30","A","Dry",4,1,9,1,3,1,22
1,2014-11-26,"12:48","U","Dry",1,1,19,3,3,1,89
1,2014-11-26,"12:48","U","Dry",1,1,19,3,3,2,90
1,2014-11-27,"06:40","U","Wet/Damp",4,7,9,3,2,2,19
2,2014-11-28,"10:24","M","Wet/Damp",1,7,9,2,3,2,26
2,2014-11-28,"10:24","M","Wet/Damp",1,7,9,2,3,2,23
2,2014-11-28,"10:24","M","Wet/Damp",1,7,9,2,3,1,48
2,2014-11-28,"10:24","M","Wet/Damp",1,7,9,1,3,1,42
2,2014-11-28,"10:24","M","Wet/Damp",1,7,19,1,3,1,55
2,2014-11-28,"15:50","U","Wet/Damp",1,7,9,1,3,2,55
2,2014-11-28,"15:45","U","Wet/Damp",1,7,8,1,3,1,59
2,2014-11-28,"16:30","U","Wet/Damp",4,2,9,2,3,2,42
2,2014-11-28,"16:30","U","Wet/Damp",4,2,9,2,3,2,20
2,2014-11-28,"16:30","U","Wet/Damp",4,2,9,2,3,1,18
2,2014-11-30,"08:50","A","Dry",1,1,9,1,3,2,78
2,2014-11-30,"08:50","A","Dry",1,1,9,1,3,2,59
1,2014-11-01,"13:20","A","Wet/Damp",1,1,5,1,2,1,34
2,2014-12-02,"08:55","U","Dry",1,1,5,1,3,1,38
1,2014-12-03,"11:05","U","Dry",1,1,21,3,3,2,60
1,2014-12-03,"12:05","U","Dry",1,1,11,3,2,2,67
1,2014-12-03,"16:50","U","Wet/Damp",4,1,9,3,2,1,79
1,2014-12-05,"08:50","U","Dry",1,1,9,3,3,2,38
6,2014-12-08,"13:32","A","Wet/Damp",1,1,9,1,3,1,75
6,2014-12-08,"13:32","A","Wet/Damp",1,1,9,2,3,1,75
1,2014-12-08,"17:00","U","Wet/Damp",4,1,9,3,2,1,20
2,2014-12-08,"19:27","A","Wet/Damp",4,1,5,1,2,1,25
3,2014-12-09,"19:45","U","Wet/Damp",4,5,20,1,2,2,32
2,2014-12-05,"19:30","A","Wet/Damp",4,5,1,1,2,1,44
1,2014-12-11,"22:45","M","Snow",4,2,9,1,3,2,29
2,2014-12-11,"23:11","A","Wet/Damp",4,2,9,1,3,1,46
2,2014-12-11,"23:11","A","Wet/Damp",4,2,9,1,3,2,29
1,2014-12-12,"13:19","A","Wet/Damp",1,2,4,3,2,2,80
1,2014-12-12,"13:19","A","Wet/Damp",1,2,4,2,3,2,41
2,2014-12-14,"08:00","U","Wet/Damp",1,2,9,1,3,2,28
1,2014-12-16,"14:13","A","Dry",1,1,19,3,2,1,58
2,2014-12-16,"16:53","U","Wet/Damp",4,1,1,1,2,1,36
2,2014-12-16,"21:05","M","Wet/Damp",4,5,9,1,3,1,19
2,2014-12-16,"21:05","M","Wet/Damp",4,5,9,1,3,1,44
2,2014-12-16,"21:05","M","Wet/Damp",4,5,9,2,3,2,32
2,2014-12-16,"21:05","M","Wet/Damp",4,5,9,2,3,2,19
2,2014-12-17,"06:50","U","Wet/Damp",4,2,3,1,3,1,24
2,2014-12-17,"08:00","A","Wet/Damp",4,2,3,1,3,1,22
2,2014-12-17,"15:55","U","Wet/Damp",5,2,3,1,3,1,31
2,2014-12-18,"13:45","A","Wet/Damp",1,2,9,1,3,2,57
2,2014-12-18,"13:45","A","Wet/Damp",1,2,9,1,3,2,24
2,2014-12-18,"20:30","M","Flood",4,5,9,1,3,2,23
1,2014-12-19,"17:30","U","Wet/Damp",4,5,9,3,3,2,26
2,2014-12-19,"19:55","A","Wet/Damp",4,5,11,1,3,1,44
2,2014-12-19,"21:20","A","Wet/Damp",4,2,9,1,3,1,30
1,2014-12-21,"11:58","U","Wet/Damp",1,2,9,3,3,2,10
1,2014-12-22,"10:15","U","Wet/Damp",1,2,21,1,3,1,37
2,2014-12-22,"12:15","A","Wet/Damp",1,4,9,1,3,1,34
2,2014-12-22,"12:00","A","Dry",1,1,9,1,3,1,32
1,2014-12-18,"17:30","U","Wet/Damp",4,5,9,3,3,1,68
2,2014-12-23,"15:35","A","Wet/Damp",4,5,9,1,3,2,74
2,2014-12-23,"15:35","A","Wet/Damp",4,5,9,2,3,1,81
2,2014-12-24,"11:20","A","Dry",1,1,9,1,3,1,64
2,2014-12-24,"13:40","A","Wet/Damp",1,2,8,1,3,1,42
2,2014-12-24,"13:40","A","Wet/Damp",1,2,8,2,3,1,56
2,2014-12-24,"13:40","A","Wet/Damp",1,2,8,2,3,2,53
2,2014-12-24,"21:16","U","Dry",4,1,9,1,3,1,25
2,2014-12-24,"21:16","U","Dry",4,1,9,2,3,1,24
3,2014-12-25,"16:25","U","Wet/Damp",4,1,9,2,3,1,21
3,2014-12-25,"16:25","U","Wet/Damp",4,1,9,1,3,1,52
3,2014-12-25,"16:25","U","Wet/Damp",4,1,9,2,3,2,66
3,2014-12-25,"16:25","U","Wet/Damp",4,1,9,1,3,1,21
1,2014-12-27,"05:15","M","Snow",4,3,9,1,3,1,32
3,2014-12-26,"13:47","U","Wet/Damp",1,1,9,2,3,1,24
3,2014-12-26,"13:47","U","Wet/Damp",1,1,9,2,3,1,25
3,2014-12-26,"13:47","U","Wet/Damp",1,1,9,1,3,2,29
1,2014-12-26,"22:25","U","Wet/Damp",4,9,9,3,3,2,53
1,2014-12-29,"07:35","U","Frost/Ice",6,1,9,1,3,1,36
4,2014-12-30,"13:41","A","Wet/Damp",1,1,9,1,3,2,39
4,2014-12-30,"13:41","A","Wet/Damp",1,1,9,1,3,1,25
1,2014-12-30,"15:35","U","Wet/Damp",1,1,9,3,3,1,5
2,2014-12-31,"18:00","U","Wet/Damp",4,1,9,1,2,2,34
2,2014-12-31,"18:00","U","Wet/Damp",4,1,9,2,2,1,34
